Sno,Song,Artist,ArtistID,acousticness,danceability,liveness,loudness,speechiness,valence,energy,Cluster
1,"Save Me, San Francisco",Train,1,0.0531,0.639,0.617,0.9328170083523161,0.0433,0.8859999999999999,0.938,0
2,"Hey, Soul Sister",Train,1,0.185,0.6729999999999999,0.0826,0.8808504176157936,0.0431,0.795,0.8859999999999999,1
3,I Got You,Train,1,0.0157,0.608,0.345,0.9505846621108582,0.0916,0.754,0.909,3
4,"Cadillac, Cadillac",Train,1,0.0036299999999999995,0.72,0.33799999999999997,0.9076082004555811,0.0603,0.733,0.956,1
5,Bulletproof Picasso,Train,1,0.011000000000000001,0.5329999999999999,0.363,0.8849202733485195,0.0435,0.509,0.872,3
6,Angel in Blue Jeans,Train,1,0.0151,0.61,0.0998,0.8706757782839789,0.0331,0.688,0.8170000000000001,3
7,She's On Fire,Train,1,0.000294,0.48100000000000004,0.345,0.8568261199696281,0.0379,0.6459999999999999,0.904,3
8,I Wish You Would,Train,1,0.0025800000000000003,0.5660000000000001,0.153,0.8362034927866364,0.0261,0.649,0.833,3
9,Drops of Jupiter,Train,1,0.154,0.46799999999999997,0.154,0.8376613515565682,0.0275,0.499,0.64,3
10,Bad Guy,Eminem,2,0.064,0.612,0.257,0.9049050873196661,0.44799999999999995,0.358,0.797,3
11,Parking Lot (Skit),Eminem,2,0.528,0.425,0.785,0.7481852695520124,0.366,0.126,0.83,0
12,Rhyme or Reason,Eminem,2,0.129,0.845,0.0552,0.8998633257403191,0.24100000000000002,0.6,0.835,1
13,Cold Wind Blows,Eminem,2,0.13,0.619,0.782,1.0000000000000002,0.41600000000000004,0.584,0.972,0
14,On Fire,Eminem,2,0.10099999999999999,0.7240000000000001,0.415,0.8836142748671224,0.287,0.5579999999999999,0.909,0
15,Curtains Up (Skit),Eminem,2,0.0069700000000000005,0.37799999999999995,0.125,0.4147911921032651,0.036000000000000004,0.0313,0.122,3
16,White America,Eminem,2,0.0103,0.5579999999999999,0.105,0.8443735763097951,0.22899999999999998,0.16,0.615,3
17,Business,Eminem,2,0.0325,0.9009999999999999,0.14400000000000002,0.8787547456340169,0.19899999999999998,0.502,0.813,1
18,Blow,Kesha,3,0.0033399999999999997,0.753,0.073,0.8984054669703875,0.0392,0.812,0.7290000000000001,1
19,The Sleazy Remix (feat. André 3000),Kesha,3,0.0129,0.747,0.085,0.8687015945330299,0.213,0.883,0.8759999999999999,1
20,TiK ToK,Kesha,3,0.0991,0.755,0.289,0.9331511009870921,0.142,0.7140000000000001,0.8370000000000001,1
21,Love,Kesha,3,0.006809999999999999,0.826,0.0889,0.897524677296887,0.0982,0.7559999999999999,0.612,1
22,LoveGame,Lady Gaga,4,0.00569,0.894,0.317,0.8452847380410025,0.0523,0.8440000000000001,0.6779999999999999,1
23,Paparazzi,Lady Gaga,4,0.113,0.762,0.094,0.8950341685649205,0.0438,0.397,0.6920000000000001,1
24,Bad Romance,Lady Gaga,4,0.00314,0.696,0.0842,0.9016552771450268,0.0363,0.7140000000000001,0.9209999999999999,1
25,Alejandro,Lady Gaga,4,0.00035800000000000003,0.626,0.36,0.8148823082763859,0.046,0.369,0.799,3
26,Monster,Lady Gaga,4,0.00124,0.6940000000000001,0.479,0.8789369779802584,0.0441,0.6459999999999999,0.8009999999999999,0
27,Young Girls,Bruno Mars,5,0.461,0.561,0.205,0.8653302961275628,0.032,0.501,0.7490000000000001,2
28,Locked Out of Heaven,Bruno Mars,5,0.049,0.726,0.309,0.8892027334851939,0.0431,0.867,0.698,1
29,Gorilla,Bruno Mars,5,0.445,0.7170000000000001,0.0973,0.8153075170842826,0.0371,0.6409999999999999,0.544,2
30,24K Magic,Bruno Mars,5,0.034,0.818,0.153,0.8856492027334854,0.0797,0.632,0.8029999999999999,1
31,Chunky,Bruno Mars,5,0.0208,0.5710000000000001,0.125,0.8806681852695522,0.11599999999999999,0.727,0.539,3
32,Perm,Bruno Mars,5,0.0145,0.853,0.198,0.9028701594533032,0.0851,0.863,0.871,1
33,Grenade,Bruno Mars,5,0.146,0.706,0.11800000000000001,0.7958997722095673,0.0593,0.22699999999999998,0.5579999999999999,1
34,Just the Way You Are,Bruno Mars,5,0.0151,0.637,0.0876,0.8512984054669706,0.0432,0.434,0.843,1
35,Our First Time,Bruno Mars,5,0.381,0.705,0.276,0.7660136674259683,0.0429,0.868,0.451,2
36,Somebody to Love,Justin Bieber,6,0.00248,0.7140000000000001,0.298,0.8565831435079728,0.0259,0.652,0.8340000000000001,1
37,Stuck In the Moment,Justin Bieber,6,0.165,0.7190000000000001,0.133,0.8227486712224755,0.0559,0.36200000000000004,0.698,1
38,Boyfriend,Justin Bieber,6,0.034,0.723,0.263,0.8085345482156417,0.0714,0.31,0.511,1
39,Boyfriend,Justin Bieber,6,0.034,0.723,0.263,0.8085345482156417,0.0714,0.31,0.511,1
40,As Long As You Love Me,Justin Bieber,6,0.0613,0.56,0.22399999999999998,0.8970994684889904,0.0982,0.607,0.847,3
41,Beauty and a Beat,Justin Bieber,6,0.000704,0.601,0.0681,0.8677904328018226,0.0593,0.534,0.843,3
42,Dynamite,Taio Cruz,7,0.00379,0.7509999999999999,0.036000000000000004,0.902596810933941,0.0859,0.816,0.7829999999999999,1
43,Dynamite,Taio Cruz,7,0.00379,0.7509999999999999,0.036000000000000004,0.902596810933941,0.0859,0.816,0.7829999999999999,1
44,Say (All I Need),OneRepublic,8,0.0184,0.5479999999999999,0.153,0.8413363705391042,0.0498,0.31,0.742,3
45,Mercy,OneRepublic,8,0.015,0.47100000000000003,0.109,0.8467425968109341,0.0713,0.196,0.8490000000000001,3
46,Stop and Stare,OneRepublic,8,0.0659,0.49200000000000005,0.0756,0.8858921791951406,0.0332,0.251,0.8590000000000001,3
47,Counting Stars,OneRepublic,8,0.0654,0.664,0.11800000000000001,0.8646924829157178,0.0382,0.47700000000000004,0.705,1
48,Love Runs Out,OneRepublic,8,0.159,0.713,0.0683,0.8522703113135917,0.054000000000000006,0.74,0.903,1
49,If I Lose Myself,OneRepublic,8,0.258,0.519,0.139,0.8429157175398635,0.0402,0.16,0.754,3
50,Counting Stars,OneRepublic,8,0.0654,0.664,0.11800000000000001,0.8646924829157178,0.0382,0.47700000000000004,0.705,1
51,If I Lose Myself,OneRepublic,8,0.258,0.519,0.139,0.8429157175398635,0.0402,0.16,0.754,3
52,Feel Again,OneRepublic,8,0.0201,0.47100000000000003,0.105,0.7722095671981778,0.0538,0.363,0.8220000000000001,3
53,Harlem's Nocturne,Alicia Keys,9,0.345,0.48700000000000004,0.177,0.7148974943052393,0.0883,0.331,0.63,2
54,Karma,Alicia Keys,9,0.0743,0.727,0.0347,0.827304479878512,0.0615,0.687,0.736,1
55,Heartburn,Alicia Keys,9,0.218,0.7170000000000001,0.0378,0.7390432801822325,0.365,0.8390000000000001,0.63,1
56,The Element of Freedom (Intro),Alicia Keys,9,0.6459999999999999,0.0,0.146,0.0,0.0,0.0,0.0498,2
57,Love Is Blind,Alicia Keys,9,0.282,0.512,0.3,0.8082611996962796,0.0316,0.35,0.5539999999999999,3
58,Once In a Lifetime,Flo Rida,11,0.182,0.7070000000000001,0.0835,0.8774183750949129,0.11599999999999999,0.326,0.865,1
59,My House,Flo Rida,11,0.0215,0.688,0.128,0.8701594533029615,0.0499,0.74,0.7020000000000001,1
60,"I Don't Like It, I Love It (feat. Robin Thicke & Verdine White)",Flo Rida,11,0.0242,0.8540000000000001,0.0793,0.8730447987851179,0.141,0.784,0.7659999999999999,1
61,Finally Here,Flo Rida,11,0.0352,0.6759999999999999,0.171,0.8467425968109341,0.22,0.316,0.82,1
62,Jump (feat. Nelly Furtado),Flo Rida,11,0.00439,0.731,0.26,0.7919817767653761,0.065,0.49700000000000005,0.813,1
63,Gotta Get It (Dancer),Flo Rida,11,0.0262,0.728,0.136,0.8744419134396357,0.0415,0.917,0.83,1
64,American Superstar (feat. Lil Wayne),Flo Rida,11,0.0862,0.703,0.11900000000000001,0.8692179195140473,0.0674,0.42100000000000004,0.784,1
65,Elevator (feat. Timbaland),Flo Rida,11,0.109,0.812,0.214,0.833014426727411,0.0905,0.47,0.8740000000000001,1
66,31 Minutes to Takeoff,Mike Posner,12,0.851,0.6859999999999999,0.066,0.6583143507972666,0.0312,0.34,0.42200000000000004,2
67,Please Don't Go,Mike Posner,12,0.00296,0.6990000000000001,0.13,0.8973728170083525,0.0311,0.657,0.882,1
68,Bow Chicka Wow Wow,Mike Posner,12,0.318,0.626,0.0429,0.8522703113135917,0.0534,0.523,0.67,1
69,"At Night, Alone.",Mike Posner,12,0.332,0.0,0.217,0.08406985573272607,0.0,0.0,0.0319,2
70,I Took a Pill in Ibiza,Mike Posner,12,0.0347,0.6709999999999999,0.0801,0.6005466970387245,0.102,0.755,0.541,1
71,Not That Simple,Mike Posner,12,0.0912,0.7170000000000001,0.156,0.7621564160971908,0.0632,0.529,0.807,1
72,Drug Dealer Girl,Mike Posner,12,0.0546,0.845,0.10800000000000001,0.8941230068337132,0.0798,0.455,0.5660000000000001,1
73,Cooler Than Me,Mike Posner,12,0.179,0.768,0.7040000000000001,0.8750797266514808,0.0475,0.625,0.82,0
74,Red Button,Mike Posner,12,0.0452,0.888,0.102,0.8799392558845864,0.20199999999999999,0.7809999999999999,0.5920000000000001,1
75,Like a G6,Far East Movement,13,0.0067599999999999995,0.435,0.11699999999999999,0.7688990129081248,0.449,0.778,0.8370000000000001,3
76,Like a G6,Far East Movement,13,0.0067599999999999995,0.435,0.11699999999999999,0.7688990129081248,0.449,0.778,0.8370000000000001,3
77,Live My Life (feat. Justin Bieber),Far East Movement,13,0.00223,0.831,0.18899999999999997,0.7295064540622629,0.0503,0.588,0.36700000000000005,1
78,Intro,Usher,14,0.22399999999999998,0.358,0.41200000000000003,0.590979498861048,0.0458,0.215,0.45899999999999996,0
79,Yeah!,Usher,14,0.0183,0.894,0.0388,0.8729840546697041,0.11199999999999999,0.583,0.7909999999999999,1
80,Throwback (feat. Jadakiss),Usher,14,0.000542,0.655,0.136,0.850144267274108,0.129,0.319,0.7509999999999999,1
81,Scream,Usher,14,0.00117,0.616,0.179,0.8583750949126805,0.0973,0.569,0.862,3
82,Climax,Usher,14,0.547,0.647,0.156,0.747304479878512,0.0782,0.33299999999999996,0.478,2
83,You Make Me Wanna...,Usher,14,0.0359,0.7609999999999999,0.0945,0.785573272589218,0.0539,0.922,0.639,1
84,Just Like Me,Usher,14,0.00939,0.645,0.899,0.7237965072133639,0.0615,0.8029999999999999,0.6579999999999999,0
85,Nice & Slow,Usher,14,0.153,0.8190000000000001,0.3,0.6523310554290055,0.122,0.515,0.299,1
86,Intro,Sean Kingston,15,0.303,0.617,0.561,0.7575094912680336,0.16899999999999998,0.43,0.605,0
87,Kingston,Sean Kingston,15,0.0279,0.589,0.32299999999999995,0.8650265755504938,0.252,0.7979999999999999,0.938,3
88,Take You There,Sean Kingston,15,0.0182,0.752,0.256,0.8844646924829159,0.0696,0.634,0.9209999999999999,1
89,Intro,Sean Kingston,15,0.303,0.617,0.561,0.7575094912680336,0.16899999999999998,0.43,0.605,0
90,Kingston,Sean Kingston,15,0.0279,0.589,0.32299999999999995,0.8650265755504938,0.252,0.7979999999999999,0.938,3
91,Take You There,Sean Kingston,15,0.0182,0.752,0.256,0.8844646924829159,0.0696,0.634,0.9209999999999999,1
92,Back 2 Life (Live It Up) [feat. T.I.],Sean Kingston,15,0.0441,0.6409999999999999,0.138,0.8784510250569478,0.0474,0.09300000000000001,0.8370000000000001,1
93,Beat It (feat. Chris Brown & Wiz Khalifa),Sean Kingston,15,0.00487,0.47700000000000004,0.284,0.8521184510250571,0.109,0.555,0.637,3
94,Hold That (feat. Yo Gotti),Sean Kingston,15,0.41,0.77,0.131,0.8891723614274869,0.0309,0.76,0.6940000000000001,1
95,Boom Boom Pow,The Black Eyed Peas,16,0.00296,0.8959999999999999,0.151,0.7643735763097952,0.226,0.594,0.71,1
96,Rock That Body,The Black Eyed Peas,16,0.00147,0.667,0.34600000000000003,0.6992862566438878,0.0432,0.606,0.569,1
97,Meet Me Halfway,The Black Eyed Peas,16,0.0113,0.774,0.11,0.8077145026575552,0.0633,0.42,0.574,1
98,Pump It,The Black Eyed Peas,16,0.000628,0.736,0.325,0.9124069855732728,0.145,0.755,0.8240000000000001,1
99,The Time (Dirty Bit),The Black Eyed Peas,16,0.0339,0.799,0.0892,0.6317388003037208,0.0523,0.679,0.6759999999999999,1
100,Music Again,Adam Lambert,17,0.00125,0.632,0.312,0.9101290812452545,0.0457,0.8390000000000001,0.875,3
101,For Your Entertainment,Adam Lambert,17,0.0463,0.657,0.0823,0.8979802581624907,0.10400000000000001,0.629,0.87,1
102,Whataya Want from Me,Adam Lambert,17,0.0070599999999999994,0.44,0.0593,0.871981776765376,0.0489,0.445,0.6829999999999999,3
103,Trespassing,Adam Lambert,17,0.000397,0.8740000000000001,0.128,0.855854214123007,0.0467,0.826,0.612,1
104,Cuckoo,Adam Lambert,17,0.0009570000000000001,0.6729999999999999,0.155,0.8545785876993168,0.0453,0.8170000000000001,0.7240000000000001,1
105,Music Again,Adam Lambert,17,0.00125,0.632,0.312,0.9101290812452545,0.0457,0.8390000000000001,0.875,3
106,For Your Entertainment,Adam Lambert,17,0.0463,0.657,0.0823,0.8979802581624907,0.10400000000000001,0.629,0.87,1
107,Whataya Want from Me,Adam Lambert,17,0.0070599999999999994,0.44,0.0593,0.871981776765376,0.0489,0.445,0.6829999999999999,3
108,If I Never See Your Face Again,Maroon 5,18,0.017,0.745,0.281,0.9414123006833715,0.0374,0.9359999999999999,0.867,1
109,Makes Me Wonder,Maroon 5,18,0.00485,0.8029999999999999,0.0577,0.941928625664389,0.0357,0.8809999999999999,0.851,1
110,Little of Your Time,Maroon 5,18,0.0658,0.6859999999999999,0.10400000000000001,0.9388003037205772,0.0801,0.965,0.963,1
111,Harder To Breathe,Maroon 5,18,0.0676,0.662,0.045,0.8753227031131361,0.0542,0.966,0.899,1
112,This Love,Maroon 5,18,0.0525,0.7120000000000001,0.09300000000000001,0.8756264236902052,0.0378,0.809,0.862,1
113,Shiver,Maroon 5,18,0.0421,0.625,0.865,0.8810022779043283,0.342,0.515,0.925,0
114,One More Night,Maroon 5,18,0.0558,0.716,0.0844,0.9113743356112378,0.0314,0.618,0.821,1
115,Daylight,Maroon 5,18,0.00242,0.6559999999999999,0.255,0.849476082004556,0.0269,0.369,0.674,1
116,Sins of My Youth,Neon Trees,19,5.8899999999999995e-05,0.424,0.27899999999999997,0.8633561123766137,0.0423,0.617,0.812,3
117,Love and Affection,Neon Trees,19,0.00020099999999999998,0.5379999999999999,0.10300000000000001,0.899225512528474,0.0372,0.69,0.853,3
118,Animal,Neon Trees,19,0.00033999999999999997,0.48200000000000004,0.37799999999999995,0.8463477600607443,0.0437,0.7390000000000001,0.8290000000000001,3
119,Moving In the Dark,Neon Trees,19,0.000858,0.52,0.22699999999999998,0.8506605922551255,0.0474,0.759,0.789,3
120,Teenage Sounds,Neon Trees,19,7.2e-06,0.423,0.175,0.9013515565679576,0.0543,0.5720000000000001,0.9520000000000001,3
121,Everybody Talks,Neon Trees,19,0.00301,0.47100000000000003,0.313,0.8970690964312834,0.0586,0.725,0.924,3
122,Love In the 21st Century,Neon Trees,19,0.00195,0.573,0.12300000000000001,0.9117084282460138,0.0546,0.95,0.915,3
123,Text Me In the Morning,Neon Trees,19,0.0058200000000000005,0.595,0.345,0.9102201974183752,0.0277,0.71,0.7879999999999999,3
124,Sleeping With a Friend,Neon Trees,19,0.00209,0.579,0.32299999999999995,0.8864692482915719,0.036000000000000004,0.486,0.888,3
125,When the Sun Goes Down,Selena Gomez & The Scene,20,0.0892,0.68,0.0353,0.8994077448747154,0.0767,0.89,0.799,1
126,Round & Round,Selena Gomez & The Scene,20,0.00242,0.537,0.584,0.8922399392558847,0.0705,0.5720000000000001,0.691,0
127,A Year Without Rain,Selena Gomez & The Scene,20,0.0125,0.627,0.111,0.854851936218679,0.0431,0.409,0.81,1
128,Rock God,Selena Gomez & The Scene,20,0.0437,0.743,0.0759,0.9117995444191346,0.166,0.841,0.873,1
129,Ring My Bells,Enrique Iglesias,21,0.114,0.815,0.0923,0.8053454821564163,0.0353,0.428,0.633,1
130,Do You Know? (The Ping Pong Song),Enrique Iglesias,21,0.0503,0.755,0.0326,0.8842520880789675,0.0486,0.691,0.765,1
131,I Like It (feat. Pitbull),Enrique Iglesias,21,0.33299999999999996,0.7090000000000001,0.0656,0.7747304479878514,0.0287,0.8009999999999999,0.669,1
132,Roar,Katy Perry,22,0.00487,0.5539999999999999,0.354,0.869278663629461,0.0418,0.455,0.772,3
133,Legendary Lovers,Katy Perry,22,0.0224,0.623,0.078,0.8702809415337891,0.0846,0.386,0.836,1
134,Birthday,Katy Perry,22,0.0879,0.7190000000000001,0.11199999999999999,0.8601366742596812,0.0681,0.843,0.674,1
135,One of the Boys,Katy Perry,22,0.00201,0.564,0.0818,0.9430220197418377,0.0522,0.675,0.91,3
136,I Kissed a Girl,Katy Perry,22,0.00223,0.6990000000000001,0.132,0.9193318147304482,0.0677,0.696,0.76,1
137,Waking Up In Vegas,Katy Perry,22,0.0012,0.524,0.098,0.9213059984813973,0.0346,0.59,0.878,3
138,Teenage Dream,Katy Perry,22,0.0162,0.7190000000000001,0.134,0.8765375854214125,0.0361,0.591,0.7979999999999999,1
139,Last Friday Night (T.G.I.F.),Katy Perry,22,0.00125,0.652,0.667,0.9003796507213366,0.0409,0.72,0.812,0
140,California Gurls (feat. Snoop Dogg),Katy Perry,22,0.00496,0.794,0.18,0.884738041002278,0.0514,0.447,0.743,1
141,Womanizer,Britney Spears,23,0.073,0.7240000000000001,0.0889,0.8569779802581627,0.0622,0.235,0.695,1
142,Circus,Britney Spears,23,0.147,0.7909999999999999,0.0713,0.8573120728929386,0.052000000000000005,0.7609999999999999,0.733,1
143,Out from Under,Britney Spears,23,0.379,0.5429999999999999,0.11199999999999999,0.6979195140470769,0.0352,0.384,0.46,2
144,Till the World Ends,Britney Spears,23,0.0228,0.693,0.20199999999999999,0.8411541381928627,0.0665,0.45,0.705,1
145,Hold It Against Me,Britney Spears,23,0.0103,0.648,0.24,0.8695216400911163,0.0427,0.389,0.722,1
146,Inside Out,Britney Spears,23,0.226,0.627,0.107,0.8439179954441915,0.0612,0.53,0.713,1
147,Tapp,3OH!3,24,0.0027600000000000003,0.865,0.36700000000000005,0.8150341685649205,0.36700000000000005,0.106,0.7979999999999999,1
148,Punkb*Tch,3OH!3,24,0.0147,0.593,0.145,0.9102505694760822,0.102,0.568,0.8320000000000001,3
149,Beaumont,3OH!3,24,0.0008349999999999999,0.503,0.149,0.7852088078967352,0.0528,0.156,0.457,3
150,I Can Do Anything,3OH!3,24,0.00247,0.54,0.368,0.8744115413819288,0.23600000000000002,0.43799999999999994,0.9059999999999999,0
151,My First Kiss (feat. Ke$ha),3OH!3,24,0.00587,0.68,0.28,0.8551252847380412,0.0768,0.841,0.861,1
152,Beaumont,3OH!3,24,0.0008349999999999999,0.503,0.149,0.7852088078967352,0.0528,0.156,0.457,3
153,I Can Do Anything,3OH!3,24,0.00247,0.54,0.368,0.8744115413819288,0.23600000000000002,0.43799999999999994,0.9059999999999999,0
154,My First Kiss (feat. Ke$ha),3OH!3,24,0.00587,0.68,0.28,0.8551252847380412,0.0768,0.841,0.861,1
155,Where Them Girls At (feat. Nicki Minaj & Flo Rida),David Guetta,25,0.00704,0.6759999999999999,0.0542,0.9448747152619592,0.0493,0.204,0.991,1
156,Little Bad Girl (feat. Taio Cruz & Ludacris),David Guetta,25,0.00572,0.6679999999999999,0.358,0.9322399392558848,0.0334,0.648,0.8290000000000001,1
157,Turn Me On (feat. Nicki Minaj),David Guetta,25,0.006220000000000001,0.787,0.168,0.9589673500379653,0.0845,0.604,0.887,1
158,Dangerous (feat. Sam Martin),David Guetta,25,0.41700000000000004,0.466,0.107,0.8687623386484437,0.0795,0.43,0.747,2
159,What I Did For Love (feat. Emeli Sandé),David Guetta,25,0.107,0.494,0.11900000000000001,0.8682460136674262,0.0416,0.35600000000000004,0.721,3
160,No Money No Love (feat. Elliphant & Ms. Dynamite),David Guetta,25,0.0029,0.667,0.16699999999999998,0.9138344722854975,0.0583,0.457,0.8859999999999999,1
161,Sexy Bitch (feat. Akon),David Guetta,25,0.076,0.813,0.131,0.8632953682611999,0.0486,0.8009999999999999,0.627,1
162,Gettin' Over You (feat. Fergie & LMFAO),David Guetta,25,0.17800000000000002,0.616,0.0773,0.8615034168564922,0.0815,0.451,0.9129999999999999,1
163,Memories (feat. Kid Cudi),David Guetta,25,0.00147,0.546,0.251,0.8963097949886106,0.255,0.38,0.9159999999999999,3
164,Stripped Intro,Christina Aguilera,26,0.0696,0.29600000000000004,0.309,0.8185269552012151,0.0727,0.171,0.8270000000000001,3
165,Walk Away,Christina Aguilera,26,0.523,0.43200000000000005,0.608,0.8318602885345484,0.102,0.11599999999999999,0.42100000000000004,2
166,Lotus Intro,Christina Aguilera,26,0.10099999999999999,0.392,0.13,0.7273196659073654,0.044000000000000004,0.204,0.467,3
167,Army of Me,Christina Aguilera,26,0.0307,0.706,0.0827,0.877023538344723,0.0754,0.155,0.784,1
168,Red Hot Kinda Love,Christina Aguilera,26,0.00216,0.6920000000000001,0.0622,0.8963097949886106,0.0431,0.382,0.8,1
169,Dog Days Are Over,Florence + The Machine,27,0.0241,0.48700000000000004,0.115,0.8557934700075932,0.0935,0.188,0.838,3
170,Rabbit Heart (Raise It Up),Florence + The Machine,27,0.092,0.625,0.266,0.9099164768413062,0.0462,0.418,0.858,3
171,Only If for a Night,Florence + The Machine,27,0.0441,0.48200000000000004,0.0921,0.8338344722854976,0.0346,0.37799999999999995,0.727,3
172,Shake It Out,Florence + The Machine,27,0.122,0.5710000000000001,0.74,0.8781776765375856,0.0362,0.261,0.691,0
173,What the Water Gave Me,Florence + The Machine,27,0.006809999999999999,0.483,0.11199999999999999,0.8210174639331816,0.0316,0.187,0.5720000000000001,3
174,Ship To Wreck,Florence + The Machine,27,0.00147,0.564,0.27699999999999997,0.8989825360668188,0.0325,0.5870000000000001,0.9229999999999999,3
175,What Kind of Man,Florence + The Machine,27,0.0229,0.313,0.129,0.873682611996963,0.0431,0.22399999999999998,0.635,3
176,"How Big, How Blue, How Beautiful",Florence + The Machine,27,0.605,0.37200000000000005,0.177,0.8656340167046319,0.0324,0.0825,0.539,2
177,How Do You Do,Shakira,28,0.139,0.628,0.245,0.8741078208048597,0.065,0.43799999999999994,0.6859999999999999,3
178,Illegal (feat. Carlos Santana),Shakira,28,0.664,0.6729999999999999,0.115,0.7650113895216403,0.0428,0.594,0.414,2
179,Hips Don't Lie (feat. Wyclef Jean),Shakira,28,0.284,0.778,0.405,0.8367501898253609,0.0712,0.7559999999999999,0.8240000000000001,0
180,Objection (Tango),Shakira,28,0.0147,0.603,0.0246,0.8552771450265757,0.0677,0.705,0.8640000000000001,3
181,Underneath Your Clothes,Shakira,28,0.6859999999999999,0.616,0.10400000000000001,0.853880030372058,0.0415,0.36200000000000004,0.597,2
182,"Whenever, Wherever",Shakira,28,0.23600000000000002,0.7929999999999999,0.20199999999999999,0.8680334092634778,0.0406,0.872,0.8320000000000001,1
183,En Tus Pupilas,Shakira,28,0.442,0.654,0.11199999999999999,0.6374487471526198,0.0326,0.303,0.309,2
184,La Pared,Shakira,28,0.638,0.755,0.102,0.8000303720577071,0.0329,0.615,0.688,2
185,La Tortura (feat. Alejandro Sanz),Shakira,28,0.0297,0.74,0.12300000000000001,0.8526955201214884,0.0427,0.812,0.7829999999999999,1
186,Intro,Tinie Tempah,29,0.000504,0.47600000000000003,0.226,0.8543052391799546,0.131,0.273,0.858,3
187,Simply Unstoppable,Tinie Tempah,29,0.0251,0.503,0.161,0.9200911161731209,0.273,0.841,0.9420000000000001,3
188,Pass Out,Tinie Tempah,29,0.0281,0.693,0.14300000000000002,0.9166590736522401,0.29600000000000004,0.532,0.8909999999999999,1
189,Sexy Beast (Freestyle),Tinie Tempah,29,0.049,0.691,0.13,0.6603492786636296,0.24600000000000002,0.45299999999999996,0.65,1
190,Big Money,Tinie Tempah,29,0.00687,0.524,0.177,0.6782991647684131,0.222,0.439,0.62,3
191,Body Language,Tinie Tempah,29,0.0667,0.5539999999999999,0.16399999999999998,0.6717995444191345,0.519,0.0648,0.897,3
192,56 Bars (Intro),T.I.,30,0.14800000000000002,0.522,0.36700000000000005,0.8984965831435081,0.28,0.415,0.902,0
193,Ready for Whatever,T.I.,30,0.008440000000000001,0.602,0.285,0.8370539104024299,0.0966,0.292,0.71,3
194,The Introduction,T.I.,30,0.00528,0.588,0.16,0.8442217160212606,0.174,0.39299999999999996,0.752,3
195,G Season (feat. Meek Mill),T.I.,30,0.0137,0.662,0.244,0.8665755504935462,0.132,0.446,0.708,1
196,Trap Back Jumpin,T.I.,30,0.00024300000000000002,0.7709999999999999,0.271,0.84039483675019,0.0719,0.11900000000000001,0.657,1
197,Welcome to the World (feat. Kanye West & Kid Cudi),T.I.,30,0.012,0.748,0.19899999999999998,0.9084282460136677,0.0565,0.345,0.8490000000000001,1
198,How Life Changed (feat. Mitchelle'l & Scarface),T.I.,30,0.10300000000000001,0.6659999999999999,0.0703,0.9524981017463935,0.295,0.5660000000000001,0.879,1
199,Get Back Up (feat. Chris Brown),T.I.,30,0.6,0.556,0.0937,0.8254517843583905,0.35,0.648,0.6990000000000001,2
200,Trust,Christina Perri,32,0.877,0.675,0.124,0.6901442672741079,0.0395,0.0367,0.138,2
201,Burning Gold,Christina Perri,32,0.0175,0.565,0.11,0.8379954441913442,0.0269,0.213,0.6729999999999999,3
202,Bluebird,Christina Perri,32,0.433,0.423,0.0701,0.785269552012149,0.0454,0.266,0.46,2
203,Arms,Christina Perri,32,0.11,0.46299999999999997,0.10300000000000001,0.795687167805619,0.0634,0.252,0.755,3
204,Bang Bang Bang,Christina Perri,32,0.00324,0.445,0.262,0.8462870159453305,0.0629,0.589,0.797,3
205,Bluebird,Christina Perri,32,0.433,0.423,0.0701,0.785269552012149,0.0454,0.266,0.46,2
206,Arms,Christina Perri,32,0.11,0.46299999999999997,0.10300000000000001,0.795687167805619,0.0634,0.252,0.755,3
207,Bang Bang Bang,Christina Perri,32,0.00324,0.445,0.262,0.8462870159453305,0.0629,0.589,0.797,3
208,Hello,Adele,33,0.32899999999999996,0.47,0.0854,0.8295520121488233,0.0342,0.289,0.431,3
209,Send My Love (To Your New Lover),Adele,33,0.0356,0.688,0.172,0.761761579347001,0.0875,0.565,0.532,1
210,I Miss You,Adele,33,0.01,0.382,0.433,0.8864996203492789,0.047,0.156,0.5770000000000001,0
211,Ride,Adele,33,0.727,0.525,0.271,0.8536674259681095,0.0354,0.7340000000000001,0.625,2
212,One and Only,Adele,33,0.295,0.528,0.165,0.8545482156416099,0.0287,0.184,0.467,3
213,Rumour Has It,Adele,33,0.617,0.612,0.16699999999999998,0.8634168564920275,0.0445,0.574,0.748,2
214,Mr. Worldwide (Intro) [feat. Vein],Pitbull,34,0.0567,0.779,0.332,0.9164464692482918,0.0866,0.762,0.912,1
215,"Give Me Everything (feat. Ne-Yo, Afrojack & Nayer)",Pitbull,34,0.192,0.6709999999999999,0.298,0.9183295368261202,0.161,0.529,0.9390000000000001,1
216,Rain Over Me (feat. Marc Anthony),Pitbull,34,0.0041600000000000005,0.61,0.758,0.9514047076689448,0.0647,0.294,0.9059999999999999,0
217,Ah Leke (feat. Sean Paul),Pitbull,34,0.0437,0.8109999999999999,0.185,0.8952467729688688,0.16899999999999998,0.932,0.889,1
218,Fun (feat. Chris Brown),Pitbull,34,0.156,0.7929999999999999,0.193,0.9043280182232348,0.0478,0.547,0.774,1
219,Fireball (feat. John Ryan),Pitbull,34,0.0908,0.7609999999999999,0.0606,0.8523006833712986,0.055999999999999994,0.836,0.9329999999999999,1
220,Global Warming (feat. Sensato),Pitbull,34,0.152,0.833,0.111,0.8009111617312075,0.272,0.809,0.675,1
221,Feel This Moment (feat. Christina Aguilera),Pitbull,34,0.039,0.6729999999999999,0.341,0.9053910402429767,0.158,0.542,0.758,1
222,Pretty Hurts,Beyonc,35,0.0030800000000000003,0.512,0.34600000000000003,0.8102657555049356,0.0508,0.201,0.625,3
223,Haunted,Beyonc,35,0.10300000000000001,0.436,0.507,0.7297190584662112,0.0773,0.325,0.534,0
224,Drunk in Love (feat. Jay Z),Beyonc,35,0.00969,0.589,0.18100000000000002,0.806074411541382,0.0468,0.401,0.621,3
225,07-Nov,Beyonc,35,0.0128,0.747,0.126,0.8596810933940776,0.126,0.56,0.705,1
226,Flawless Remix (feat. Nicki Minaj),Beyonc,35,0.24100000000000002,0.639,0.484,0.7948063781321186,0.215,0.457,0.659,0
227,Drunk in Love Remix (feat. JAY Z & Kanye West),Beyonc,35,0.161,0.514,0.11800000000000001,0.9069703872437359,0.052000000000000005,0.474,0.763,3
228,Love On Top,Beyonc,35,0.0849,0.652,0.604,0.8564920273348521,0.0887,0.652,0.748,0
229,Party (feat. André 3000),Beyonc,35,0.0188,0.648,0.16899999999999998,0.8253606681852698,0.0506,0.7120000000000001,0.593,1
230,Schoolin' Life,Beyonc,35,0.0289,0.799,0.33899999999999997,0.8492331055429008,0.0822,0.551,0.715,1
231,I Like It Like That (feat. New Boyz),Hot Chelle Rae,36,0.045,0.747,0.317,0.835353075170843,0.0569,0.617,0.7709999999999999,1
232,Tonight Tonight,Hot Chelle Rae,36,0.0764,0.6859999999999999,0.163,0.8645406226271832,0.11900000000000001,0.8140000000000001,0.7829999999999999,1
233,Honestly,Hot Chelle Rae,36,0.0268,0.6409999999999999,0.11,0.8859832953682614,0.0375,0.9159999999999999,0.787,1
234,Say (Half Past Nine),Hot Chelle Rae,36,0.000113,0.536,0.20600000000000002,0.9226119969627944,0.0601,0.682,0.953,3
235,I Like to Dance,Hot Chelle Rae,36,0.00179,0.62,0.0887,0.936886864085042,0.0486,0.83,0.958,3
236,Never Have I Ever,Hot Chelle Rae,36,6.459999999999998e-05,0.529,0.225,0.9185117691723617,0.0489,0.787,0.9159999999999999,3
237,I Hate LA,Hot Chelle Rae,36,0.0234,0.8540000000000001,0.0887,0.8137585421412302,0.0607,0.504,0.457,1
238,Too Much,Hot Chelle Rae,36,0.15,0.76,0.0616,0.8038268792710708,0.0536,0.578,0.612,1
239,Stay,Hot Chelle Rae,36,0.00536,0.439,0.19699999999999998,0.8175854214123008,0.257,0.41600000000000004,0.6459999999999999,3
240,Head Above Water,Avril Lavigne,37,0.0112,0.578,0.102,0.853181473044799,0.0706,0.268,0.6940000000000001,3
241,Birdie,Avril Lavigne,37,0.272,0.5479999999999999,0.26,0.908671222475323,0.0864,0.452,0.8240000000000001,3
242,I Fell in Love with the Devil,Avril Lavigne,37,0.0235,0.522,0.195,0.7980865603644649,0.0831,0.215,0.677,3
243,Take Me Away,Avril Lavigne,37,0.0013800000000000002,0.511,0.198,0.9401063022019744,0.0343,0.255,0.892,3
244,Together,Avril Lavigne,37,0.000346,0.435,0.228,0.9273196659073655,0.035,0.301,0.861,3
245,Dark Fantasy,Kanye West,38,0.27399999999999997,0.59,0.16699999999999998,0.8359301442672743,0.0457,0.36700000000000005,0.5870000000000001,3
246,Power,Kanye West,38,0.0162,0.5429999999999999,0.7440000000000001,0.8715565679574793,0.113,0.5770000000000001,0.915,0
247,On Sight,Kanye West,38,0.48700000000000004,0.608,0.28,0.919058466211086,0.325,0.515,0.469,2
248,Black Skinhead,Kanye West,38,0.00112,0.7659999999999999,0.168,0.8297038724373578,0.268,0.299,0.821,1
249,Intro,Kanye West,38,0.223,0.8059999999999999,0.519,0.5938952164009113,0.904,0.47600000000000003,0.349,0
250,We Don't Care,Kanye West,38,0.0142,0.595,0.247,0.8387243735763099,0.18100000000000002,0.647,0.754,3
251,Graduation Day,Kanye West,38,0.684,0.418,0.414,0.7405922551252849,0.33799999999999997,0.8690000000000001,0.447,2
252,Rock the Beat II,LMFAO,39,0.00215,0.38799999999999996,0.188,0.9041154138192864,0.247,0.34299999999999997,0.893,3
253,Sorry for Party Rocking,LMFAO,39,0.00213,0.6,0.413,0.8835535307517086,0.165,0.55,0.877,0
254,Rock the Beat II,LMFAO,39,0.00215,0.38799999999999996,0.188,0.9041154138192864,0.247,0.34299999999999997,0.893,3
255,Sorry for Party Rocking,LMFAO,39,0.00213,0.6,0.413,0.8835535307517086,0.165,0.55,0.877,0
256,Sweet Talker,Jessie J,40,0.61,0.6629999999999999,0.20800000000000002,0.8540318906605925,0.0621,0.588,0.655,2
257,Price Tag (feat. B.o.B),Jessie J,40,0.0839,0.583,0.387,0.9639483675018985,0.187,0.774,0.92,0
258,Nobody's Perfect,Jessie J,40,0.0022600000000000003,0.5710000000000001,0.6629999999999999,0.9179043280182234,0.285,0.6609999999999999,0.8809999999999999,0
259,Abracadabra,Jessie J,40,0.0352,0.831,0.0393,0.879392558845862,0.0415,0.767,0.8220000000000001,1
260,Good Hit,Jennifer Lopez,41,0.115,0.797,0.121,0.8737129840546699,0.20199999999999999,0.727,0.722,1
261,First Love,Jennifer Lopez,41,0.009609999999999999,0.622,0.311,0.8612908124525438,0.0444,0.455,0.708,3
262,Never Satisfied,Jennifer Lopez,41,0.0705,0.589,0.147,0.8893849658314352,0.0698,0.231,0.725,3
263,Qué Hiciste,Jennifer Lopez,41,0.526,0.623,0.161,0.845770690964313,0.0996,0.594,0.71,2
264,Me Haces Falta,Jennifer Lopez,41,0.336,0.6990000000000001,0.11599999999999999,0.7725436598329538,0.0482,0.679,0.5489999999999999,1
265,Como Ama una Mujer,Jennifer Lopez,41,0.6809999999999999,0.5529999999999999,0.11800000000000001,0.7128929384965833,0.0304,0.107,0.355,2
266,Back to Sleep,Chris Brown,42,0.11900000000000001,0.653,0.483,0.8241154138192864,0.213,0.797,0.675,0
267,Fine By Me,Chris Brown,42,0.14,0.7140000000000001,0.0689,0.8689141989369782,0.049,0.665,0.701,1
268,Wrist (feat. Solo Lucci),Chris Brown,42,0.489,0.758,0.239,0.7624601366742598,0.154,0.518,0.38799999999999996,2
269,Westside,Chris Brown,42,0.218,0.631,0.124,0.7995140470766897,0.32,0.376,0.703,1
270,Nothin' Like Me (feat. Ty Dolla $ign),Chris Brown,42,0.0286,0.8540000000000001,0.0709,0.7732422171602128,0.121,0.431,0.547,1
271,Ayo,Chris Brown,42,0.0399,0.823,0.0851,0.8609567198177679,0.0443,0.682,0.563,1
272,Lost & Found,Chris Brown,42,0.652,0.483,0.12300000000000001,0.7723614274867123,0.078,0.6679999999999999,0.532,2
273,Privacy,Chris Brown,42,0.153,0.741,0.109,0.7805922551252849,0.37799999999999995,0.428,0.58,1
274,Juicy Booty (feat. Jhené Aiko & R. Kelly),Chris Brown,42,0.0233,0.7559999999999999,0.0914,0.8248139711465454,0.0637,0.731,0.598,1
275,Overture,Sleeping At Last,43,0.862,0.37200000000000005,0.314,0.6569779802581627,0.0371,0.484,0.386,2
276,Woodwork,Sleeping At Last,43,0.5479999999999999,0.191,0.079,0.7157175398633259,0.0375,0.0676,0.426,2
277,The Safety Dance,Sleeping At Last,43,0.706,0.44299999999999995,0.12,0.7111313591495826,0.0365,0.423,0.349,2
278,Total Eclipse of the Heart,Sleeping At Last,43,0.9520000000000001,0.45,0.159,0.7287167805618833,0.0533,0.366,0.257,2
279,Porcelain,Sleeping At Last,43,0.607,0.306,0.26899999999999996,0.7887015945330298,0.0343,0.0798,0.55,2
280,Chandeliers,Sleeping At Last,43,0.44299999999999995,0.266,0.0954,0.7648595292331057,0.031,0.0842,0.505,2
281,Naive,Sleeping At Last,43,0.9390000000000001,0.402,0.105,0.5219438116932423,0.0465,0.228,0.0468,2
282,All Things Go,Nicki Minaj,44,0.0718,0.7509999999999999,0.105,0.6826423690205013,0.281,0.276,0.46299999999999997,1
283,I Lied,Nicki Minaj,44,0.384,0.623,0.109,0.7511009870918757,0.0881,0.387,0.38799999999999996,2
284,I'm the Best,Nicki Minaj,44,0.0288,0.486,0.5379999999999999,0.8627182991647686,0.335,0.321,0.835,0
285,Did It On'em,Nicki Minaj,44,0.0445,0.5589999999999999,0.204,0.8021260440394838,0.35100000000000003,0.47200000000000003,0.414,3
286,Roman Holiday,Nicki Minaj,44,0.0304,0.8,0.162,0.8278208048595295,0.0967,0.402,0.742,1
287,Come On a Cone,Nicki Minaj,44,0.365,0.7240000000000001,0.21600000000000003,0.8814882308276388,0.195,0.753,0.8220000000000001,1
288,Are We All We Are,P!nk,45,0.000933,0.49,0.823,0.9090964312832196,0.0658,0.527,0.93,0
289,Blow Me (One Last Kiss),P!nk,45,0.000145,0.597,0.282,0.9259832953682614,0.044000000000000004,0.73,0.919,3
290,Try,P!nk,45,0.00141,0.6729999999999999,0.0944,0.8009111617312075,0.0299,0.551,0.629,1
291,Get the Party Started,P!nk,45,0.00108,0.802,0.17300000000000001,0.9164768413059987,0.0459,0.961,0.904,1
292,There You Go,P!nk,45,0.0862,0.8220000000000001,0.0452,0.8113287775246775,0.0916,0.667,0.847,1
293,So What,P!nk,45,0.00032900000000000003,0.534,0.24100000000000002,0.9222171602126046,0.0425,0.462,0.87,3
294,Sober,P!nk,45,0.0626,0.612,0.187,0.8670007593014428,0.0315,0.373,0.797,3
295,I Don't Believe You,P!nk,45,0.762,0.45899999999999996,0.10800000000000001,0.73955960516325,0.0274,0.23800000000000002,0.276,2
296,Mylo Xyloto,Coldplay,46,0.435,0.151,0.228,0.6269703872437359,0.0373,0.226,0.389,2
297,Hurts Like Heaven,Coldplay,46,0.01,0.419,0.26899999999999996,0.8277904328018225,0.0305,0.27399999999999997,0.773,3
298,Paradise,Coldplay,46,0.0522,0.449,0.0833,0.8103264996203494,0.0268,0.203,0.585,3
299,Always In My Head,Coldplay,46,0.0128,0.499,0.068,0.7330296127562643,0.0254,0.0397,0.502,3
300,Magic,Coldplay,46,0.0262,0.738,0.106,0.744935459377373,0.0403,0.355,0.483,1
301,Ink,Coldplay,46,0.0661,0.688,0.11800000000000001,0.793682611996963,0.0324,0.6890000000000001,0.706,1
302,Best Song Ever,One Direction,47,0.0227,0.652,0.0789,0.9250113895216403,0.0465,0.486,0.877,1
303,Story of My Life,One Direction,47,0.225,0.6,0.11900000000000001,0.8394836750189827,0.0477,0.28600000000000003,0.6629999999999999,1
304,Diana,One Direction,47,0.0604,0.5489999999999999,0.13699999999999998,0.8845254365983297,0.0614,0.755,0.868,3
305,Steal My Girl,One Direction,47,0.00433,0.536,0.114,0.8350493545937739,0.0347,0.545,0.768,3
306,Ready to Run,One Direction,47,0.00229,0.524,0.171,0.8889293849658316,0.036000000000000004,0.299,0.831,3
307,Where Do Broken Hearts Go,One Direction,47,0.0014,0.565,0.105,0.9028701594533032,0.0326,0.647,0.862,3
308,Welcome To New York,Taylor Swift,48,0.038,0.7929999999999999,0.304,0.8697038724373578,0.0324,0.615,0.634,1
309,Blank Space,Taylor Swift,48,0.10300000000000001,0.76,0.0913,0.8513287775246774,0.054000000000000006,0.57,0.703,1
310,Style,Taylor Swift,48,0.00245,0.588,0.11800000000000001,0.845770690964313,0.0402,0.48700000000000004,0.7909999999999999,3
311,Mine,Taylor Swift,48,0.0032700000000000003,0.621,0.184,0.9265907365223995,0.0297,0.672,0.78,3
312,Sparks Fly,Taylor Swift,48,0.0387,0.608,0.158,0.9253151100987094,0.0311,0.376,0.785,3
313,Back to December,Taylor Swift,48,0.0202,0.517,0.324,0.8396355353075172,0.0289,0.29600000000000004,0.606,3
314,Tiny Little Bows,Carly Rae Jepsen,49,0.0335,0.77,0.11800000000000001,0.8683978739559607,0.057999999999999996,0.8759999999999999,0.924,1
315,This Kiss,Carly Rae Jepsen,49,0.007109999999999999,0.736,0.301,0.8844039483675021,0.0339,0.7040000000000001,0.88,1
316,Call Me Maybe,Carly Rae Jepsen,49,0.0114,0.7829999999999999,0.10800000000000001,0.8168261199696282,0.0408,0.66,0.58,1
317,First Time,Carly Rae Jepsen,49,0.0545,0.8490000000000001,0.326,0.885466970387244,0.0602,0.5760000000000001,0.726,1
318,Higher,Carly Rae Jepsen,49,0.00905,0.647,0.373,0.87705391040243,0.0575,0.444,0.8740000000000001,3
319,The One,Carly Rae Jepsen,49,0.0207,0.812,0.0976,0.8690660592255127,0.0486,0.86,0.7829999999999999,1
320,Mr. Know It All,Kelly Clarkson,50,0.0284,0.6759999999999999,0.0701,0.8598633257403191,0.028999999999999998,0.44299999999999995,0.807,1
321,Stronger (What Doesn't Kill You),Kelly Clarkson,50,0.046,0.562,0.11199999999999999,0.8856492027334854,0.0475,0.684,0.9390000000000001,3
322,Dark Side,Kelly Clarkson,50,0.0991,0.5589999999999999,0.292,0.8929992406985575,0.05,0.292,0.86,3
323,Breakaway,Kelly Clarkson,50,0.0421,0.268,0.10800000000000001,0.8896279422930906,0.0337,0.39299999999999996,0.716,3
324,Since U Been Gone,Kelly Clarkson,50,0.00206,0.662,0.113,0.8530903568716782,0.0322,0.382,0.7390000000000001,1
325,Behind These Hazel Eyes,Kelly Clarkson,50,0.00165,0.5479999999999999,0.19699999999999998,0.8735003796507216,0.0382,0.425,0.889,3
326,Wrapped in Red,Kelly Clarkson,50,0.365,0.54,0.132,0.8739255884586182,0.0366,0.36,0.7340000000000001,2
327,Underneath the Tree,Kelly Clarkson,50,0.0013,0.509,0.214,0.8505391040242978,0.0537,0.6890000000000001,0.812,3
328,Have Yourself a Merry Little Christmas,Kelly Clarkson,50,0.9470000000000001,0.26,0.10800000000000001,0.6979195140470769,0.0345,0.175,0.221,2
329,Cave In,Owl City,51,0.000721,0.667,0.225,0.793014426727411,0.0333,0.649,0.733,1
330,The Bird and the Worm,Owl City,51,0.0249,0.556,0.127,0.8093545937737283,0.028999999999999998,0.6,0.615,3
331,Hello Seattle,Owl City,51,0.00223,0.616,0.158,0.8735003796507216,0.0283,0.74,0.7440000000000001,3
332,The Real World,Owl City,51,0.0584,0.546,0.0792,0.8578891419893699,0.0345,0.763,0.8029999999999999,3
333,Deer In the Headlights,Owl City,51,0.0287,0.574,0.0697,0.9071829916476843,0.0485,0.95,0.981,3
334,Angels,Owl City,51,0.228,0.643,0.151,0.8790888382687929,0.0348,0.5479999999999999,0.9229999999999999,1
335,Dreams and Disasters,Owl City,51,0.00264,0.618,0.114,0.8815489749430526,0.0353,0.882,0.855,3
336,Shooting Star,Owl City,51,0.0125,0.514,0.11199999999999999,0.8656643887623389,0.0522,0.45899999999999996,0.872,3
337,Gold,Owl City,51,0.10800000000000001,0.499,0.0928,0.8823386484434322,0.0537,0.54,0.9309999999999999,3
338,Glad You Came,The Wanted,52,0.0319,0.722,0.10800000000000001,0.8980713743356115,0.0639,0.452,0.851,1
339,Chasing the Sun,The Wanted,52,0.242,0.636,0.498,0.8271222475322705,0.0962,0.679,0.732,0
340,All Time Low,The Wanted,52,0.0293,0.636,0.0713,0.8157327258921794,0.0427,0.608,0.6729999999999999,1
341,We Own the Night,The Wanted,52,0.00591,0.547,0.22699999999999998,0.8926347760060747,0.131,0.557,0.9390000000000001,3
342,In the Middle,The Wanted,52,0.29600000000000004,0.599,0.11699999999999999,0.8180713743356114,0.0385,0.21899999999999997,0.7709999999999999,1
343,Running Out of Reasons,The Wanted,52,0.125,0.626,0.0574,0.9024753227031134,0.0261,0.272,0.652,1
344,Glad You Came,The Wanted,52,0.0319,0.722,0.10800000000000001,0.8980713743356115,0.0639,0.452,0.851,1
345,Glad You Came,The Wanted,52,0.0319,0.722,0.10800000000000001,0.8980713743356115,0.0639,0.452,0.851,1
346,Glad You Came,The Wanted,52,0.0319,0.722,0.10800000000000001,0.8980713743356115,0.0639,0.452,0.851,1
347,Some Nights (Intro),fun.,53,0.78,0.48,0.631,0.69415337889142,0.0569,0.308,0.23800000000000002,2
348,Some Nights,fun.,53,0.0178,0.672,0.0927,0.801731207289294,0.0506,0.392,0.738,1
349,We Are Young (feat. Janelle Monáe),fun.,53,0.02,0.37799999999999995,0.0849,0.8463477600607443,0.075,0.735,0.638,3
350,Be Calm,fun.,53,0.146,0.41200000000000003,0.188,0.8180410022779045,0.0431,0.314,0.52,3
351,Benson Hedges,fun.,53,0.0281,0.365,0.631,0.8625664388762341,0.109,0.446,0.889,0
352,All the Pretty Girls,fun.,53,0.258,0.6459999999999999,0.19899999999999998,0.874350797266515,0.0602,0.773,0.787,1
353,Be Calm,fun.,53,0.146,0.41200000000000003,0.188,0.8180410022779045,0.0431,0.314,0.52,3
354,Benson Hedges,fun.,53,0.0281,0.365,0.631,0.8625664388762341,0.109,0.446,0.889,0
355,All the Pretty Girls,fun.,53,0.258,0.6459999999999999,0.19899999999999998,0.874350797266515,0.0602,0.773,0.787,1
356,My Blood,Ellie Goulding,54,0.556,0.47600000000000003,0.281,0.8552467729688689,0.028999999999999998,0.306,0.5920000000000001,2
357,Anything Could Happen,Ellie Goulding,54,0.433,0.7020000000000001,0.135,0.8917539863325742,0.03,0.382,0.7809999999999999,2
358,Za Intro,Gym Class Heroes,55,0.784,0.527,0.185,0.8016704631738802,0.115,0.8190000000000001,0.691,2
359,Martyrial Girl$,Gym Class Heroes,55,0.000148,0.359,0.35,0.8705846621108582,0.109,0.33299999999999996,0.9570000000000001,3
360,Life Goes On (feat. Oh Land),Gym Class Heroes,55,0.0455,0.544,0.114,0.8837053910402431,0.159,0.484,0.8690000000000001,3
361,The Queen and I,Gym Class Heroes,55,0.0113,0.627,0.0465,0.7437813211845105,0.0598,0.924,0.8320000000000001,1
362,Shoot Down the Stars,Gym Class Heroes,55,0.16699999999999998,0.684,0.155,0.8393318147304482,0.129,0.6940000000000001,0.8109999999999999,1
363,New Friend Request,Gym Class Heroes,55,0.0263,0.634,0.131,0.8520273348519365,0.237,0.701,0.85,1
364,The Queen and I,Gym Class Heroes,55,0.0113,0.627,0.0465,0.7437813211845105,0.0598,0.924,0.8320000000000001,1
365,Shoot Down the Stars,Gym Class Heroes,55,0.16699999999999998,0.684,0.155,0.8393318147304482,0.129,0.6940000000000001,0.8109999999999999,1
366,New Friend Request,Gym Class Heroes,55,0.0263,0.634,0.131,0.8520273348519365,0.237,0.701,0.85,1
367,Wake Me Up,Avicii,56,0.0038,0.532,0.161,0.8426727410782082,0.0523,0.643,0.7829999999999999,3
368,You Make Me,Avicii,56,0.00247,0.586,0.152,0.8699468488990131,0.039,0.496,0.727,3
369,Hey Brother,Avicii,56,0.0552,0.456,0.397,0.8754441913439637,0.085,0.563,0.845,3
370,Levels,Avicii,56,0.047,0.584,0.309,0.8352619589977223,0.0343,0.466,0.89,3
371,Levels,Avicii,56,0.047,0.584,0.309,0.8352619589977223,0.0343,0.466,0.89,3
372,Levels,Avicii,56,0.047,0.584,0.309,0.8352619589977223,0.0343,0.466,0.89,3
373,We Cry,The Script,57,0.0479,0.555,0.35100000000000003,0.8758694001518605,0.0642,0.6629999999999999,0.8809999999999999,3
374,Before the Worst,The Script,57,0.122,0.602,0.6920000000000001,0.8880182232346243,0.0427,0.39299999999999996,0.919,0
375,Talk You Down,The Script,57,0.0535,0.537,0.155,0.8964009111617314,0.0425,0.386,0.9059999999999999,3
376,No Good in Goodbye,The Script,57,0.0104,0.365,0.0839,0.8742596810933942,0.0436,0.21600000000000003,0.873,3
377,Superheroes,The Script,57,0.0021899999999999997,0.491,0.0741,0.8905391040242978,0.0395,0.6409999999999999,0.885,3
378,Man on a Wire,The Script,57,0.00198,0.39299999999999996,0.0698,0.9083978739559607,0.0363,0.361,0.836,3
379,Breakout,Miley Cyrus,58,0.000132,0.444,0.22899999999999998,0.9020501138952166,0.0504,0.7959999999999999,0.841,3
380,7 Things,Miley Cyrus,58,0.0232,0.59,0.0786,0.879696279422931,0.0363,0.542,0.903,3
381,The Driveway,Miley Cyrus,58,0.0245,0.434,0.10400000000000001,0.9035383447228552,0.0471,0.552,0.87,3
382,Liberty Walk,Miley Cyrus,58,0.000472,0.573,0.36,0.9073044798785119,0.0403,0.581,0.8859999999999999,3
383,Who Owns My Heart,Miley Cyrus,58,0.0106,0.5710000000000001,0.0864,0.8642976461655278,0.129,0.35600000000000004,0.805,3
384,Younger Now,Miley Cyrus,58,0.0012900000000000001,0.5479999999999999,0.138,0.8674563401670465,0.0618,0.32799999999999996,0.873,3
385,Malibu,Miley Cyrus,58,0.0767,0.573,0.0813,0.8211389521640093,0.0555,0.34299999999999997,0.7809999999999999,3
386,Rainbowland (feat. Dolly Parton),Miley Cyrus,58,0.0789,0.5720000000000001,0.0736,0.8132725892179197,0.0441,0.6509999999999999,0.586,3
387,Greyhound,Swedish House Mafia,59,0.006659999999999999,0.723,0.276,0.8641761579347003,0.0521,0.539,0.8059999999999999,1
388,Antidote (Radio Edit),Swedish House Mafia,59,0.00645,0.648,0.135,0.864631738800304,0.111,0.633,0.8590000000000001,1
389,Antidote,Swedish House Mafia,59,0.00645,0.648,0.135,0.864631738800304,0.111,0.633,0.8590000000000001,1
390,Antidote (Knife Party Dub),Swedish House Mafia,59,0.00223,0.721,0.0206,0.8285193621867883,0.11599999999999999,0.391,0.836,1
391,Give Life Back to Music,Daft Punk,60,0.00286,0.7879999999999999,0.0952,0.6916021260440397,0.0337,0.696,0.616,1
392,The Game of Love,Daft Punk,60,0.825,0.7120000000000001,0.106,0.652817008352316,0.0338,0.682,0.5,2
393,Giorgio by Moroder,Daft Punk,60,0.0692,0.74,0.381,0.699225512528474,0.0504,0.41,0.682,1
394,Back from the Edge,James Arthur,61,0.091,0.486,0.122,0.8808200455580868,0.0539,0.474,0.726,3
395,Say You Won't Let Go,James Arthur,61,0.695,0.358,0.0902,0.791009870918755,0.059000000000000004,0.494,0.557,2
396,Prisoner,James Arthur,61,0.0288,0.601,0.183,0.8601366742596812,0.11699999999999999,0.759,0.85,3
397,Get Down,James Arthur,61,0.000784,0.495,0.322,0.8647228549734246,0.0374,0.348,0.774,3
398,New Tattoo,James Arthur,61,0.0321,0.6509999999999999,0.146,0.8742900531511012,0.209,0.609,0.9079999999999999,1
399,Complicated,Robin Thicke,62,0.44299999999999995,0.754,0.16399999999999998,0.7379802581624907,0.0494,0.40399999999999997,0.36700000000000005,2
400,Would That Make U Love Me,Robin Thicke,62,0.127,0.9620000000000001,0.10800000000000001,0.6909035687167807,0.0618,0.7809999999999999,0.377,1
401,Take It Easy On Me,Robin Thicke,62,0.00403,0.716,0.0675,0.8232953682611999,0.0426,0.617,0.852,1
402,Ooo La La,Robin Thicke,62,0.0188,0.6829999999999999,0.316,0.8853454821564163,0.0424,0.615,0.831,1
403,911,Robin Thicke,62,0.0551,0.897,0.162,0.8131511009870921,0.495,0.884,0.532,1
404,Mrs. Sexy,Robin Thicke,62,0.23,0.725,0.10400000000000001,0.8540318906605925,0.0865,0.732,0.652,1
405,Sex Therapy,Robin Thicke,62,0.647,0.7040000000000001,0.228,0.8819438116932424,0.0294,0.37,0.524,2
406,Who's That Boy (feat. Dev),Demi Lovato,63,2.45e-05,0.721,0.0693,0.7217008352315871,0.0804,0.4,0.626,1
407,Confident,Demi Lovato,63,0.0018800000000000002,0.594,0.0869,0.8258466211085803,0.0677,0.344,0.7490000000000001,3
408,Cool for the Summer,Demi Lovato,63,0.00425,0.583,0.14,0.844434320425209,0.0382,0.336,0.61,3
409,Old Ways,Demi Lovato,63,0.214,0.626,0.262,0.8186788154897496,0.0582,0.58,0.69,1
410,La la Land,Demi Lovato,63,0.0149,0.467,0.0193,0.9472133637053912,0.069,0.706,0.919,3
411,Get Back,Demi Lovato,63,0.0032700000000000003,0.5579999999999999,0.0426,0.9026575550493547,0.11599999999999999,0.72,0.867,3
412,Trainwreck,Demi Lovato,63,0.193,0.47700000000000004,0.349,0.898891419893698,0.0476,0.5870000000000001,0.836,3
413,Shave It Up,Zedd,64,0.000176,0.539,0.33399999999999996,0.8877448747152621,0.0379,0.293,0.965,3
414,Shave It Up,Zedd,64,0.000176,0.539,0.33399999999999996,0.8877448747152621,0.0379,0.293,0.965,3
415,Born to Die,Lana Del Rey,65,0.222,0.428,0.27699999999999997,0.8140622627182994,0.0339,0.379,0.626,3
416,Off to the Races,Lana Del Rey,65,0.0621,0.39899999999999997,0.278,0.8467729688686411,0.0523,0.113,0.721,3
417,Blue Jeans,Lana Del Rey,65,0.418,0.5579999999999999,0.0821,0.8819134396355355,0.0633,0.488,0.8370000000000001,2
418,Ride,Lana Del Rey,65,0.128,0.373,0.38299999999999995,0.8480485952923312,0.034,0.18899999999999997,0.6859999999999999,3
419,American,Lana Del Rey,65,0.624,0.387,0.11199999999999999,0.7189673500379652,0.0353,0.113,0.35200000000000004,2
420,Cola,Lana Del Rey,65,0.0699,0.298,0.59,0.8475626423690207,0.0478,0.121,0.6679999999999999,0
421,Born to Die,Lana Del Rey,65,0.222,0.428,0.27699999999999997,0.8140622627182994,0.0339,0.379,0.626,3
422,Off to the Races,Lana Del Rey,65,0.0621,0.39899999999999997,0.278,0.8467729688686411,0.0523,0.113,0.721,3
423,Blue Jeans,Lana Del Rey,65,0.418,0.5579999999999999,0.0821,0.8819134396355355,0.0633,0.488,0.8370000000000001,2
424,Green Valley,Calvin Harris,66,0.439,0.483,0.0756,0.7447228549734246,0.0509,0.226,0.494,2
425,Bounce (feat. Kelis),Calvin Harris,66,0.0334,0.779,0.664,0.9511617312072895,0.0399,0.759,0.963,0
426,Feel so Close,Calvin Harris,66,0.0009720000000000001,0.7070000000000001,0.204,0.9293849658314353,0.031,0.919,0.924,1
427,Faith,Calvin Harris,66,0.235,0.623,0.39799999999999996,0.9344570994684892,0.0427,0.535,0.9570000000000001,0
428,Under Control (feat. Hurts),Calvin Harris,66,0.0388,0.643,0.0604,0.8607441154138195,0.0644,0.14800000000000002,0.9,1
429,Blame (feat. John Newman),Calvin Harris,66,0.0293,0.614,0.135,0.8911161731207291,0.0443,0.175,0.9109999999999999,3
430,Slide (feat. Frank Ocean & Migos),Calvin Harris,66,0.498,0.736,0.254,0.9155049354593776,0.0545,0.511,0.795,2
431,"Cash Out (feat. ScHoolboy Q, PARTYNEXTDOOR & D.R.A.M)",Calvin Harris,66,0.17600000000000002,0.74,0.0799,0.8819741837509493,0.16399999999999998,0.765,0.76,1
432,"Heatstroke (feat. Young Thug, Pharrell Williams & Ariana Grande)",Calvin Harris,66,0.33899999999999997,0.785,0.17600000000000002,0.8776613515565681,0.0505,0.73,0.735,1
433,Keep the Family Close,Drake,67,0.139,0.35200000000000004,0.382,0.782596810933941,0.0454,0.205,0.56,3
434,9,Drake,67,0.000819,0.7040000000000001,0.22899999999999998,0.7970842824601369,0.0445,0.0381,0.71,1
435,U With Me?,Drake,67,0.34,0.43,0.134,0.6709187547456341,0.157,0.12,0.42200000000000004,2
436,Legend,Drake,67,0.0269,0.7120000000000001,0.0776,0.7856947608200457,0.071,0.299,0.563,1
437,Energy,Drake,67,0.38,0.748,0.534,0.7752771450265757,0.478,0.5529999999999999,0.5710000000000001,0
438,10 Bands,Drake,67,0.262,0.825,0.0762,0.9037205770690966,0.384,0.89,0.757,1
439,Tuscan Leather,Drake,67,0.114,0.43200000000000005,0.23600000000000002,0.8516932422171604,0.43700000000000006,0.29600000000000004,0.6809999999999999,3
440,Furthest Thing,Drake,67,0.149,0.485,0.0568,0.8559149582384209,0.142,0.267,0.78,3
441,Started From the Bottom,Drake,67,0.0331,0.794,0.156,0.7779195140470769,0.161,0.56,0.523,1
442,Love Song,Sara Bareilles,68,0.0208,0.583,0.188,0.9202733485193624,0.0301,0.573,0.7859999999999999,3
443,Vegas,Sara Bareilles,68,0.00881,0.629,0.182,0.838025816249051,0.0305,0.6,0.603,3
444,Bottle It Up,Sara Bareilles,68,0.20199999999999999,0.647,0.157,0.8893242217160214,0.0298,0.706,0.718,1
445,Kaleidoscope Heart,Sara Bareilles,68,0.8059999999999999,0.455,0.0817,0.6557023538344724,0.0927,0.235,0.0516,2
446,Uncharted,Sara Bareilles,68,0.285,0.456,0.0343,0.902566438876234,0.0435,0.7240000000000001,0.728,3
447,Gonna Get Over You,Sara Bareilles,68,0.0199,0.619,0.126,0.874715261958998,0.0301,0.605,0.799,3
448,Once Upon Another Time,Sara Bareilles,68,0.8959999999999999,0.275,0.231,0.5751860288534549,0.0493,0.0551,0.21600000000000003,2
449,Stay,Sara Bareilles,68,0.589,0.262,0.14,0.7576613515565681,0.031,0.18100000000000002,0.341,2
450,Lie to Me,Sara Bareilles,68,0.0516,0.6829999999999999,0.0937,0.806803340926348,0.0425,0.795,0.622,1
451,Ten Thousand Hours,Macklemore & Ryan Lewis,69,0.19899999999999998,0.374,0.14400000000000002,0.7859073652239941,0.305,0.535,0.758,3
452,Thrift Shop (feat. Wanz),Macklemore & Ryan Lewis,69,0.0619,0.7809999999999999,0.0457,0.8035535307517085,0.293,0.662,0.526,1
453,Ten Thousand Hours,Macklemore & Ryan Lewis,69,0.19899999999999998,0.374,0.14400000000000002,0.7859073652239941,0.305,0.535,0.758,3
454,Thrift Shop (feat. Wanz),Macklemore & Ryan Lewis,69,0.0619,0.7809999999999999,0.0457,0.8035535307517085,0.293,0.662,0.526,1
455,Ten Thousand Hours,Macklemore & Ryan Lewis,69,0.19899999999999998,0.374,0.14400000000000002,0.7859073652239941,0.305,0.535,0.758,3
456,Thrift Shop (feat. Wanz),Macklemore & Ryan Lewis,69,0.0619,0.7809999999999999,0.0457,0.8035535307517085,0.293,0.662,0.526,1
457,Beneath Your Beautiful (feat. Emeli Sandé),Labrinth,70,0.228,0.5579999999999999,0.10400000000000001,0.8378132118451027,0.036000000000000004,0.228,0.522,3
458,Express Yourself,Labrinth,70,0.10800000000000001,0.631,0.0793,0.9007137433561125,0.172,0.485,0.778,1
459,Let the Sun Shine,Labrinth,70,0.37799999999999995,0.631,0.262,0.8947000759301444,0.0349,0.441,0.7829999999999999,2
460,New Girl,Labrinth,70,0.982,0.6679999999999999,0.0775,0.3911313591495825,0.0615,0.127,0.0817,2
461,Formula,Labrinth,70,0.0415,0.5720000000000001,0.146,0.8313743356112379,0.0409,0.226,0.664,3
462,Preparing for Call,Labrinth,70,0.0551,0.679,0.145,0.566438876233865,0.078,0.28800000000000003,0.493,1
463,Closer,Ne-Yo,71,0.0321,0.71,0.18,0.8199240698557329,0.0754,0.529,0.7509999999999999,1
464,Nobody,Ne-Yo,71,0.654,0.42200000000000004,0.113,0.500531511009871,0.0965,0.26899999999999996,0.28800000000000003,2
465,Single,Ne-Yo,71,0.0617,0.701,0.10800000000000001,0.8434927866362948,0.0713,0.23600000000000002,0.9079999999999999,1
466,Cracks in Mr. Perfect,Ne-Yo,71,0.0805,0.518,0.51,0.7554745634016706,0.278,0.397,0.723,0
467,Lazy Love,Ne-Yo,71,0.218,0.41,0.0895,0.7700227790432803,0.0978,0.215,0.591,3
468,Let Me Love You (Until You Learn to Love Yourself),Ne-Yo,71,0.239,0.6659999999999999,0.348,0.8132118451025059,0.034,0.26,0.68,1
469,Because of You,Ne-Yo,71,0.528,0.81,0.0951,0.8400303720577071,0.0356,0.828,0.5379999999999999,2
470,Can We Chill,Ne-Yo,71,0.0995,0.769,0.149,0.8830675778283981,0.0922,0.62,0.797,1
471,Intro,Ariana Grande,72,0.9690000000000001,0.447,0.327,0.6379043280182234,0.0324,0.096,0.182,2
472,One Last Time,Ariana Grande,72,0.09300000000000001,0.628,0.096,0.8627486712224754,0.0323,0.10400000000000001,0.593,1
473,Moonlight,Ariana Grande,72,0.41700000000000004,0.626,0.048,0.7928018223234626,0.0292,0.209,0.41200000000000003,2
474,Dangerous Woman,Ariana Grande,72,0.0529,0.662,0.35600000000000004,0.8526347760060746,0.0401,0.29,0.602,1
475,Be Alright,Ariana Grande,72,0.16899999999999998,0.813,0.105,0.7828397873955962,0.0685,0.5870000000000001,0.456,1
476,Filthy,Justin Timberlake,73,0.0354,0.745,0.24600000000000002,0.840425208807897,0.138,0.645,0.579,1
477,Midnight Summer Jam,Justin Timberlake,73,0.10099999999999999,0.805,0.183,0.8578283978739561,0.0438,0.721,0.759,1
478,Sauce,Justin Timberlake,73,0.0598,0.727,0.312,0.8649050873196661,0.0401,0.8009999999999999,0.85,1
479,Señorita,Justin Timberlake,73,0.0729,0.841,0.0742,0.853181473044799,0.0442,0.87,0.629,1
480,(Oh No) What You Got,Justin Timberlake,73,0.266,0.8109999999999999,0.156,0.8039179954441915,0.0791,0.9,0.7829999999999999,1
481,FutureSex / LoveSound,Justin Timberlake,73,0.11699999999999999,0.853,0.111,0.8240242976461657,0.0702,0.836,0.8390000000000001,1
482,SexyBack (feat. Timbaland),Justin Timberlake,73,0.0584,0.9670000000000001,0.0519,0.8467729688686411,0.0789,0.9640000000000001,0.583,1
483,Medley: Sexy Ladies / Let Me Talk to You (Prelude),Justin Timberlake,73,0.0124,0.693,0.0871,0.8375398633257405,0.285,0.596,0.435,1
484,I Love It (feat. Charli XCX),Icona Pop,75,0.00952,0.711,0.153,0.9345785876993168,0.0284,0.8240000000000001,0.9059999999999999,1
485,All Night,Icona Pop,75,0.00274,0.6,0.831,0.9121336370539106,0.0357,0.636,0.905,0
486,We Got the World,Icona Pop,75,0.00156,0.501,0.18600000000000003,0.8991040242976464,0.0754,0.376,0.9309999999999999,3
487,I Love It (feat. Charli XCX) [Cobra Starship Remix] [Radio Edit],Icona Pop,75,0.0926,0.773,0.161,0.8664236902050115,0.196,0.34,0.97,1
488,I Love It (feat. Charli XCX) [Nari & Milani Radio Edit],Icona Pop,75,0.0017,0.6,0.312,0.8090508731966592,0.0565,0.193,0.904,3
489,I Love It (feat. Charli XCX) [Style of Eye Remix],Icona Pop,75,0.0478,0.6890000000000001,0.084,0.7952619589977223,0.0514,0.145,0.9159999999999999,1
490,I Love It (feat. Charli XCX),Icona Pop,75,0.00952,0.711,0.153,0.9345785876993168,0.0284,0.8240000000000001,0.9059999999999999,1
491,All Night,Icona Pop,75,0.00274,0.6,0.831,0.9121336370539106,0.0357,0.636,0.905,0
492,We Got the World,Icona Pop,75,0.00156,0.501,0.18600000000000003,0.8991040242976464,0.0754,0.376,0.9309999999999999,3
493,Clumsy,Fergie,76,0.191,0.731,0.29600000000000004,0.892817008352316,0.131,0.452,0.563,1
494,Labels or Love,Fergie,76,0.0623,0.802,0.299,0.8159757023538347,0.0857,0.8909999999999999,0.9390000000000001,1
495,Barracuda,Fergie,76,0.00157,0.515,0.185,0.873986332574032,0.237,0.245,0.9640000000000001,3
496,Hungry (feat. Rick Ross),Fergie,76,0.0261,0.688,0.254,0.8339863325740321,0.0687,0.16,0.698,1
497,Like It Ain't Nuttin',Fergie,76,0.00201,0.8340000000000001,0.139,0.787972665148064,0.0442,0.251,0.501,1
498,You Already Know (feat. Nicki Minaj) [Interlude Version],Fergie,76,0.11,0.626,0.20600000000000002,0.7786788154897496,0.23199999999999998,0.182,0.46799999999999997,1
499,Wings,Little Mix,77,0.0006730000000000001,0.738,0.285,0.9203037205770693,0.127,0.5379999999999999,0.875,1
500,DNA,Little Mix,77,0.0325,0.536,0.12,0.8672437357630982,0.0492,0.325,0.696,3
501,Change Your Life,Little Mix,77,0.0786,0.514,0.359,0.8938800303720579,0.0406,0.361,0.7559999999999999,3
502,Salute,Little Mix,77,0.0992,0.6409999999999999,0.285,0.8540015186028855,0.051,0.35200000000000004,0.732,1
503,Move,Little Mix,77,0.00436,0.85,0.5489999999999999,0.8769020501138954,0.0918,0.765,0.741,0
504,Little Me,Little Mix,77,0.20600000000000002,0.371,0.18100000000000002,0.8610478359908886,0.0785,0.544,0.795,3
505,Black Magic,Little Mix,77,0.0348,0.777,0.317,0.8801214882308278,0.0618,0.826,0.895,1
506,Love Me Like You,Little Mix,77,0.20800000000000002,0.785,0.285,0.8961579347000761,0.043,0.848,0.674,1
507,Weird People,Little Mix,77,0.0143,0.746,0.391,0.8946697038724376,0.054000000000000006,0.7859999999999999,0.877,1
508,I Go Back,Selena Gomez,79,0.00905,0.5479999999999999,0.0966,0.8907213363705393,0.0495,0.5760000000000001,0.7879999999999999,3
509,When the Sun Goes Down,Selena Gomez,79,0.0892,0.68,0.0353,0.8994077448747154,0.0767,0.89,0.799,1
510,Round & Round,Selena Gomez,79,0.00242,0.537,0.584,0.8922399392558847,0.0705,0.5720000000000001,0.691,0
511,A Year Without Rain,Selena Gomez,79,0.0125,0.627,0.111,0.854851936218679,0.0431,0.409,0.81,1
512,Rock God,Selena Gomez,79,0.0437,0.743,0.0759,0.9117995444191346,0.166,0.841,0.873,1
513,Sucker,Jonas Brothers,81,0.0427,0.8420000000000001,0.106,0.8618678815489751,0.0588,0.9520000000000001,0.7340000000000001,1
514,Cool,Jonas Brothers,81,0.00873,0.6829999999999999,0.156,0.8490508731966593,0.0423,0.62,0.598,1
515,Only Human,Jonas Brothers,81,0.10800000000000001,0.795,0.0645,0.8370235383447231,0.0722,0.8740000000000001,0.496,1
516,That's Just the Way We Roll,Jonas Brothers,81,0.0048,0.552,0.12300000000000001,0.9132270311313594,0.0394,0.77,0.855,3
517,Hold On,Jonas Brothers,81,0.0038200000000000005,0.46799999999999997,0.368,0.9077296886864087,0.132,0.8170000000000001,0.892,3
518,BB Good,Jonas Brothers,81,0.0294,0.6559999999999999,0.0546,0.8573728170083526,0.0398,0.8909999999999999,0.9009999999999999,1
519,Silent Night,Mariah Carey,82,0.812,0.17,0.113,0.6611693242217163,0.0347,0.244,0.36200000000000004,2
520,All I Want For Christmas Is You,Mariah Carey,82,0.16399999999999998,0.335,0.0708,0.7890660592255128,0.0386,0.34600000000000003,0.625,3
521,O Holy Night,Mariah Carey,82,0.36700000000000005,0.36200000000000004,0.154,0.7967805618830678,0.0287,0.192,0.505,2
522,Touch My Body,Mariah Carey,82,0.0996,0.715,0.22399999999999998,0.7807441154138195,0.0502,0.84,0.665,1
523,Goodies,Ciara,83,0.0277,0.826,0.298,0.8241761579347002,0.0491,0.872,0.647,1
524,"One, Two Step",Ciara,83,0.042,0.9440000000000001,0.0379,0.6828246013667427,0.161,0.8420000000000001,0.511,1
525,Thug Style,Ciara,83,0.0987,0.8320000000000001,0.109,0.7348823082763859,0.23399999999999999,0.609,0.425,1
526,Goodies,Ciara,83,0.0277,0.826,0.298,0.8241761579347002,0.0491,0.872,0.647,1
527,"One, Two Step",Ciara,83,0.042,0.9440000000000001,0.0379,0.6828246013667427,0.161,0.8420000000000001,0.511,1
528,Thug Style,Ciara,83,0.0987,0.8320000000000001,0.109,0.7348823082763859,0.23399999999999999,0.609,0.425,1
529,Jackie (B.M.F.),Ciara,83,0.0139,0.52,0.39299999999999996,0.8468337129840549,0.161,0.228,0.738,0
530,That's How I'm Feelin' (feat. Pitbull & Missy Elliott),Ciara,83,0.00411,0.846,0.375,0.8074411541381931,0.0664,0.317,0.812,1
531,Lullaby,Ciara,83,0.24,0.775,0.361,0.7952012148823084,0.0595,0.361,0.51,1
532,Who Will Save Your Soul,Jewel,84,0.7040000000000001,0.6859999999999999,0.13,0.720728929384966,0.0419,0.753,0.467,2
533,Pieces of You,Jewel,84,0.925,0.41,0.735,0.6372968868640851,0.0352,0.16699999999999998,0.132,2
534,Little Sister,Jewel,84,0.884,0.424,0.867,0.6080485952923311,0.0442,0.485,0.233,2
535,Stronger Woman,Jewel,84,0.17300000000000001,0.441,0.27,0.8907820804859531,0.0453,0.561,0.804,3
536,I Do,Jewel,84,0.237,0.736,0.0495,0.8603796507213366,0.0374,0.5710000000000001,0.7190000000000001,1
537,Love Is a Garden,Jewel,84,0.434,0.624,0.11900000000000001,0.8765983295368263,0.0349,0.324,0.557,2
538,No Good In Goodbye,Jewel,84,0.0202,0.446,0.0813,0.8960060744115416,0.0718,0.715,0.858,3
539,I Love You Forever,Jewel,84,0.156,0.7120000000000001,0.166,0.9261655277145029,0.0292,0.581,0.8420000000000001,1
540,Fading,Jewel,84,0.6940000000000001,0.47200000000000003,0.0947,0.702627182991648,0.0301,0.665,0.324,2
541,Motivation (feat. Lil Wayne),Kelly Rowland,85,0.0072299999999999994,0.613,0.41100000000000003,0.8184662110858012,0.0461,0.364,0.748,0
542,Like This (feat. Eve),Kelly Rowland,85,0.00193,0.6759999999999999,0.0627,0.8345937737281703,0.267,0.489,0.73,1
543,Comeback,Kelly Rowland,85,0.0443,0.785,0.0454,0.7958694001518605,0.10400000000000001,0.8740000000000001,0.703,1
544,Ghetto (feat. Snoop Dogg),Kelly Rowland,85,0.0414,0.612,0.218,0.8369931662870161,0.308,0.7290000000000001,0.693,3
545,Freak,Kelly Rowland,85,0.125,0.65,0.121,0.8622323462414581,0.0581,0.44799999999999995,0.782,1
546,Kisses Down Low,Kelly Rowland,85,0.0168,0.632,0.10400000000000001,0.7325132877752469,0.0678,0.23800000000000002,0.7240000000000001,1
547,Love in the Future (Intro),John Legend,86,0.943,0.302,0.349,0.7727866362946092,0.0336,0.359,0.373,2
548,The Beginning...,John Legend,86,0.49200000000000005,0.516,0.273,0.8500835231586942,0.242,0.5660000000000001,0.8340000000000001,2
549,Open Your Eyes,John Legend,86,0.5760000000000001,0.6629999999999999,0.237,0.8485041761579348,0.0287,0.611,0.6990000000000001,2
550,Save Room,John Legend,86,0.0457,0.69,0.0969,0.8294912680334094,0.0264,0.375,0.5720000000000001,1
551,Heaven,John Legend,86,0.11800000000000001,0.418,0.187,0.8216552771450267,0.259,0.446,0.8240000000000001,3
552,Stereo,John Legend,86,0.055,0.733,0.16899999999999998,0.813181473044799,0.033,0.732,0.701,1
553,I Know Better,John Legend,86,0.802,0.369,0.185,0.8169779802581627,0.0347,0.262,0.42200000000000004,2
554,Penthouse Floor (feat. Chance the Rapper),John Legend,86,0.451,0.6709999999999999,0.10099999999999999,0.8708883826879273,0.368,0.767,0.742,2
555,Darkness and Light (feat. Brittany Howard),John Legend,86,0.16,0.593,0.0765,0.9028094153378894,0.183,0.6,0.7829999999999999,3
556,Money On My Mind,Sam Smith,87,0.204,0.688,0.22899999999999998,0.8572513287775249,0.179,0.743,0.841,1
557,Good Thing,Sam Smith,87,0.634,0.615,0.336,0.690478359908884,0.0529,0.27,0.311,2
558,Stay With Me,Sam Smith,87,0.49700000000000005,0.473,0.10300000000000001,0.6937889141989371,0.0418,0.16899999999999998,0.33799999999999997,2
559,Too Good at Goodbyes,Sam Smith,87,0.64,0.6809999999999999,0.16899999999999998,0.7655277145026578,0.0432,0.47600000000000003,0.37200000000000005,2
560,Say It First,Sam Smith,87,0.7659999999999999,0.5660000000000001,0.111,0.7030827638572515,0.0914,0.156,0.40700000000000003,2
561,One Last Song,Sam Smith,87,0.36700000000000005,0.672,0.321,0.8204100227790435,0.0284,0.485,0.53,2
562,Safe With Me,Sam Smith,87,0.027999999999999997,0.62,0.37,0.808807896735004,0.0533,0.315,0.6629999999999999,3
563,Nirvana,Sam Smith,87,0.528,0.501,0.10099999999999999,0.7694457099468491,0.0475,0.39299999999999996,0.578,2
564,Can I Have It Like That,Pharrell Williams,88,0.129,0.745,0.0811,0.7869400151860291,0.239,0.376,0.525,1
565,How Does It Feel?,Pharrell Williams,88,0.23600000000000002,0.727,0.142,0.8581624905087322,0.266,0.863,0.934,1
566,Raspy Shit,Pharrell Williams,88,0.131,0.8190000000000001,0.259,0.8603189066059227,0.18600000000000003,0.7340000000000001,0.7929999999999999,1
567,Rude,MAGIC!,89,0.0423,0.774,0.305,0.8639939255884588,0.0389,0.9309999999999999,0.7559999999999999,1
568,No Evil,MAGIC!,89,0.0195,0.67,0.359,0.8765072133637055,0.0736,0.7440000000000001,0.867,1
569,Let Your Hair Down,MAGIC!,89,0.0934,0.649,0.182,0.8054062262718301,0.0497,0.466,0.5920000000000001,1
570,Have It All,MAGIC!,89,0.009000000000000001,0.657,0.175,0.8536066818526957,0.0441,0.728,0.8590000000000001,1
571,Lay You Down Easy (feat. Sean Paul),MAGIC!,89,0.0591,0.649,0.364,0.8663325740318908,0.0694,0.943,0.87,3
572,Gloria,MAGIC!,89,0.00165,0.521,0.26899999999999996,0.8903568716780563,0.0655,0.848,0.9490000000000001,3
573,Coins In a Fountain,Passenger,90,0.455,0.638,0.132,0.6878967350037968,0.0465,0.486,0.5529999999999999,2
574,27,Passenger,90,0.0165,0.54,0.0882,0.8102353834472288,0.0693,0.696,0.851,3
575,Heart's On Fire,Passenger,90,0.6409999999999999,0.41600000000000004,0.132,0.6414274867122249,0.0293,0.152,0.32899999999999996,2
576,Coins In a Fountain,Passenger,90,0.455,0.638,0.132,0.6878967350037968,0.0465,0.486,0.5529999999999999,2
577,27,Passenger,90,0.0165,0.54,0.0882,0.8102353834472288,0.0693,0.696,0.851,3
578,Heart's On Fire,Passenger,90,0.6409999999999999,0.41600000000000004,0.132,0.6414274867122249,0.0293,0.152,0.32899999999999996,2
579,Pompeii,Bastille,91,0.0973,0.68,0.324,0.8058921791951407,0.0422,0.568,0.69,1
580,Things We Lost in the Fire,Bastille,91,0.0636,0.5870000000000001,0.267,0.8675474563401673,0.0581,0.629,0.9179999999999999,3
581,Bad Blood,Bastille,91,0.0157,0.6629999999999999,0.0755,0.8487775246772971,0.0375,0.94,0.777,1
582,Pompeii,Bastille,91,0.0973,0.68,0.324,0.8058921791951407,0.0422,0.568,0.69,1
583,Things We Lost in the Fire,Bastille,91,0.0636,0.5870000000000001,0.267,0.8675474563401673,0.0581,0.629,0.9179999999999999,3
584,Bad Blood,Bastille,91,0.0157,0.6629999999999999,0.0755,0.8487775246772971,0.0375,0.94,0.777,1
585,Good Grief,Bastille,91,0.156,0.723,0.0975,0.6987395596051634,0.0873,0.8859999999999999,0.608,1
586,The Currents,Bastille,91,0.0686,0.581,0.0601,0.8710706150341687,0.0504,0.565,0.7390000000000001,3
587,An Act of Kindness,Bastille,91,0.535,0.402,0.503,0.899225512528474,0.10099999999999999,0.245,0.843,2
588,Tennis Court,Lorde,92,0.0126,0.764,0.257,0.7549582384206531,0.0609,0.428,0.5670000000000001,1
589,400 Lux,Lorde,92,0.0787,0.512,0.134,0.7617919514047078,0.0371,0.19399999999999998,0.474,3
590,Royals,Lorde,92,0.121,0.674,0.132,0.7270463173880033,0.122,0.337,0.428,1
591,Tennis Court,Lorde,92,0.0126,0.764,0.257,0.7549582384206531,0.0609,0.428,0.5670000000000001,1
592,400 Lux,Lorde,92,0.0787,0.512,0.134,0.7617919514047078,0.0371,0.19399999999999998,0.474,3
593,Royals,Lorde,92,0.121,0.674,0.132,0.7270463173880033,0.122,0.337,0.428,1
594,Green Light,Lorde,92,0.0209,0.594,0.0879,0.7784358390280943,0.0957,0.253,0.721,3
595,Sober,Lorde,92,0.17300000000000001,0.7959999999999999,0.126,0.7007744874715263,0.18100000000000002,0.516,0.467,1
596,Homemade Dynamite,Lorde,92,0.22899999999999998,0.7809999999999999,0.127,0.863933181473045,0.0764,0.175,0.5479999999999999,1
597,Tribute,John Newman,93,0.105,0.546,0.11,0.8198633257403192,0.044000000000000004,0.22399999999999998,0.584,3
598,Love Me Again,John Newman,93,0.004529999999999999,0.495,0.10300000000000001,0.8694912680334095,0.0441,0.213,0.894,3
599,Losing Sleep,John Newman,93,0.064,0.65,0.18,0.8677296886864088,0.0699,0.5489999999999999,0.862,1
600,All My Heart,John Newman,93,0.00121,0.40700000000000003,0.324,0.872680334092635,0.0785,0.6890000000000001,0.882,3
601,Something Special,John Newman,93,0.00119,0.531,0.254,0.8364768413059986,0.038,0.369,0.772,3
602,Love Me Again,John Newman,93,0.004529999999999999,0.495,0.10300000000000001,0.8694912680334095,0.0441,0.213,0.894,3
603,Love Me Again,John Newman,93,0.004529999999999999,0.495,0.10300000000000001,0.8694912680334095,0.0441,0.213,0.894,3
604,Love Me Again,John Newman,93,0.004529999999999999,0.495,0.10300000000000001,0.8694912680334095,0.0441,0.213,0.894,3
605,Intro,Disclosure,94,0.114,0.47700000000000004,0.366,0.7453606681852698,0.36200000000000004,0.47600000000000003,0.611,0
606,When a Fire Starts to Burn,Disclosure,94,0.00963,0.86,0.243,0.804434320425209,0.207,0.672,0.732,1
607,Intro,Disclosure,94,0.114,0.47700000000000004,0.366,0.7453606681852698,0.36200000000000004,0.47600000000000003,0.611,0
608,When a Fire Starts To Burn,Disclosure,94,0.00963,0.86,0.243,0.804434320425209,0.207,0.672,0.732,1
609,I Want You Back,Michael Jackson,95,0.245,0.7040000000000001,0.132,0.6848899012908125,0.0639,0.652,0.8109999999999999,1
610,ABC,Michael Jackson,95,0.0595,0.701,0.0825,0.9736066818526957,0.126,0.8140000000000001,0.9790000000000001,1
611,Wanna Be Startin' Somethin',Michael Jackson,95,0.0219,0.846,0.0623,0.8879574791192105,0.0438,0.899,0.922,1
612,Baby Be Mine,Michael Jackson,95,0.0848,0.843,0.0741,0.7032346241457861,0.0949,0.664,0.483,1
613,The Girl Is Mine (with Paul McCartney),Michael Jackson,95,0.26899999999999996,0.6709999999999999,0.18,0.8130296127562644,0.0558,0.6509999999999999,0.636,1
614,She Looks So Perfect,5 Seconds of Summer,96,0.0005690000000000001,0.494,0.327,0.8870159453302964,0.132,0.441,0.951,3
615,Good Girls,5 Seconds of Summer,96,0.0152,0.528,0.121,0.8576765375854216,0.0792,0.5760000000000001,0.9109999999999999,3
616,Money,5 Seconds of Summer,96,0.00549,0.517,0.361,0.861564160971906,0.2,0.5710000000000001,0.9129999999999999,3
617,She's Kinda Hot,5 Seconds of Summer,96,0.00182,0.664,0.109,0.8697342444950648,0.0317,0.889,0.9079999999999999,1
618,Hey Everybody!,5 Seconds of Summer,96,0.000938,0.753,0.10099999999999999,0.9022019741837511,0.0316,0.853,0.8029999999999999,1
619,She Looks So Perfect,5 Seconds of Summer,96,0.0005690000000000001,0.494,0.327,0.8870159453302964,0.132,0.441,0.951,3
620,Heartache On the Big Screen,5 Seconds of Summer,96,0.00235,0.6859999999999999,0.223,0.8719514047076691,0.0458,0.778,0.8029999999999999,1
621,The Only Reason,5 Seconds of Summer,96,8.19e-06,0.35,0.5579999999999999,0.8237813211845104,0.0464,0.299,0.812,0
622,Walk the Line,Iggy Azalea,97,0.266,0.621,0.27899999999999997,0.8292482915717542,0.22,0.742,0.899,1
623,Work,Iggy Azalea,97,0.0631,0.6990000000000001,0.414,0.866940015186029,0.14400000000000002,0.491,0.804,0
624,Walk the Line,Iggy Azalea,97,0.266,0.621,0.27899999999999997,0.8292482915717542,0.22,0.742,0.899,1
625,Talk Dirty (feat. 2 Chainz),Jason Derulo,98,0.0348,0.76,0.307,0.793348519362187,0.23199999999999998,0.759,0.652,1
626,Wiggle (feat. Snoop Dogg),Jason Derulo,98,0.0802,0.6970000000000001,0.162,0.8065603644646927,0.25,0.721,0.621,1
627,Trumpets,Jason Derulo,98,0.563,0.627,0.0962,0.8673652239939258,0.23600000000000002,0.64,0.703,2
628,Want to Want Me,Jason Derulo,98,0.009059999999999999,0.775,0.109,0.8484130599848142,0.0629,0.6559999999999999,0.68,1
629,Talk Dirty (feat. 2 Chainz),Jason Derulo,98,0.0348,0.76,0.307,0.793348519362187,0.23199999999999998,0.759,0.652,1
630,Wiggle (feat. Snoop Dogg),Jason Derulo,98,0.0802,0.6970000000000001,0.162,0.8065603644646927,0.25,0.721,0.621,1
631,Want to Want Me,Jason Derulo,98,0.009059999999999999,0.775,0.109,0.8484130599848142,0.0629,0.6559999999999999,0.68,1
632,Cheyenne,Jason Derulo,98,0.0126,0.652,0.12,0.8382384206529995,0.11599999999999999,0.289,0.7609999999999999,1
633,Get Ugly,Jason Derulo,98,0.0462,0.75,0.297,0.8690356871678058,0.12,0.539,0.6829999999999999,1
634,The One,The Chainsmokers,99,0.23800000000000002,0.76,0.294,0.670615034168565,0.0284,0.15,0.303,1
635,Break Up Every Night,The Chainsmokers,99,0.00411,0.624,0.0872,0.8347760060744117,0.0437,0.528,0.8059999999999999,1
636,Bloodstream,The Chainsmokers,99,0.0317,0.62,0.172,0.8368413059984816,0.0259,0.16399999999999998,0.627,3
637,Setting Fires,The Chainsmokers,99,0.017,0.627,0.261,0.8410326499620351,0.0376,0.561,0.7170000000000001,3
638,All We Know (feat. Phoebe Ryan),The Chainsmokers,99,0.0985,0.6659999999999999,0.11199999999999999,0.7493697798025818,0.0314,0.332,0.59,1
639,Closer (feat. Halsey),The Chainsmokers,99,0.414,0.748,0.111,0.8456492027334854,0.0338,0.6609999999999999,0.524,2
640,Roses (feat. ROZES),The Chainsmokers,99,0.0299,0.718,0.225,0.7832953682611998,0.0473,0.309,0.8079999999999999,1
641,New York City,The Chainsmokers,99,0.0127,0.564,0.133,0.8083219438116934,0.038,0.0624,0.639,3
642,Until You Were Gone (feat. Emily Warren),The Chainsmokers,99,0.0492,0.569,0.0569,0.7914958238420655,0.0461,0.363,0.635,3
643,Skinny Love,Birdy,100,0.9590000000000001,0.37200000000000005,0.13,0.7581776765375856,0.05,0.149,0.304,2
644,Wings,Birdy,100,0.0831,0.474,0.162,0.8779954441913442,0.0253,0.22399999999999998,0.7070000000000001,3
645,Heart of Gold,Birdy,100,0.155,0.6779999999999999,0.152,0.8812756264236904,0.0322,0.309,0.623,1
646,Growing Pains,Birdy,100,0.11800000000000001,0.43200000000000005,0.304,0.8489597570235385,0.121,0.589,0.833,3
647,Shadow,Birdy,100,0.406,0.521,0.11199999999999999,0.782596810933941,0.0398,0.281,0.643,2
648,Keeping Your Head Up,Birdy,100,0.156,0.599,0.18899999999999997,0.8628397873955962,0.0527,0.529,0.78,3
649,Skinny Love,Birdy,100,0.9590000000000001,0.37200000000000005,0.13,0.7581776765375856,0.05,0.149,0.304,2
650,Wings,Birdy,100,0.0831,0.474,0.162,0.8779954441913442,0.0253,0.22399999999999998,0.7070000000000001,3
651,Heart of Gold,Birdy,100,0.155,0.6779999999999999,0.152,0.8812756264236904,0.0322,0.309,0.623,1
652,Rockstar,A Great Big World,101,0.0813,0.6579999999999999,0.0932,0.7798329536826122,0.0288,0.621,0.7559999999999999,1
653,Land of Opportunity,A Great Big World,101,0.122,0.6970000000000001,0.16899999999999998,0.7944115413819288,0.0348,0.47200000000000003,0.763,1
654,Already Home,A Great Big World,101,0.31,0.602,0.14,0.7926499620349281,0.0272,0.243,0.40399999999999997,1
655,All I Want Is Love,A Great Big World,101,0.0621,0.706,0.0635,0.8744722854973426,0.026000000000000002,0.337,0.799,1
656,Kaleidoscope,A Great Big World,101,0.0182,0.7090000000000001,0.16699999999999998,0.8593470007593016,0.0748,0.519,0.9129999999999999,1
657,End of the World,A Great Big World,101,0.0709,0.5379999999999999,0.34600000000000003,0.8607137433561126,0.0423,0.32299999999999995,0.72,3
658,When I Was a Boy,A Great Big World,101,0.000227,0.382,0.1,0.8830068337129843,0.0407,0.392,0.7909999999999999,3
659,Chandelier,Sia,102,0.0197,0.39899999999999997,0.0685,0.9282308276385727,0.0499,0.5720000000000001,0.787,3
660,Big Girls Cry,Sia,102,0.0393,0.469,0.105,0.8649962034927868,0.0399,0.0938,0.5920000000000001,3
661,Burn the Pages,Sia,102,0.0497,0.507,0.121,0.8746241457858772,0.155,0.45899999999999996,0.8109999999999999,3
662,Bird Set Free,Sia,102,0.0115,0.43799999999999994,0.133,0.8855884586180716,0.0728,0.31,0.805,3
663,Alive,Sia,102,0.254,0.508,0.10800000000000001,0.8876233864844345,0.0489,0.444,0.762,3
664,One Million Bullets,Sia,102,0.102,0.365,0.467,0.8907820804859531,0.0521,0.204,0.7170000000000001,0
665,The Fight,Sia,102,0.0609,0.675,0.612,0.9021412300683374,0.0463,0.804,0.852,0
666,Clap Your Hands,Sia,102,0.000532,0.6990000000000001,0.359,0.8661199696279425,0.0546,0.778,0.87,1
667,Stop Trying,Sia,102,0.00281,0.502,0.12300000000000001,0.9236446469248294,0.0369,0.917,0.797,3
668,3AM (Pull Up) [feat. MØ],Charli XCX,103,0.0481,0.402,0.14,0.8847076689445712,0.10400000000000001,0.624,0.747,3
669,Blame It On U,Charli XCX,103,0.0202,0.6890000000000001,0.134,0.8049202733485196,0.0758,0.154,0.67,1
670,Backseat (feat. Carly Rae Jepsen),Charli XCX,103,0.247,0.626,0.39299999999999996,0.8596203492786638,0.0409,0.33899999999999997,0.607,0
671,Out of My Head (feat. Tove Lo and ALMA),Charli XCX,103,0.0736,0.851,0.12,0.8590736522399395,0.0694,0.42,0.7090000000000001,1
672,Lucky,Charli XCX,103,0.632,0.193,0.0973,0.7500683371298407,0.033,0.0621,0.335,2
673,Smile,Lily Allen,104,0.000606,0.5770000000000001,0.239,0.731146545178436,0.0281,0.7390000000000001,0.61,3
674,Knock 'Em Out,Lily Allen,104,0.31,0.564,0.127,0.7778283978739562,0.28300000000000003,0.894,0.665,3
675,LDN,Lily Allen,104,0.0167,0.6779999999999999,0.38,0.7864540622627185,0.0267,0.9,0.609,1
676,Everyone's At It,Lily Allen,104,0.0209,0.637,0.426,0.8098709187547458,0.063,0.685,0.9229999999999999,0
677,The Fear,Lily Allen,104,0.419,0.6609999999999999,0.107,0.8046772968868643,0.0404,0.522,0.847,2
678,Not Fair,Lily Allen,104,0.0428,0.723,0.245,0.8034927866362948,0.0396,0.93,0.86,1
679,Sheezus,Lily Allen,104,0.14800000000000002,0.779,0.113,0.8080789673500381,0.0442,0.392,0.503,1
680,L8 CMMR,Lily Allen,104,0.0272,0.785,0.0483,0.8537889141989372,0.0386,0.637,0.684,1
681,Air Balloon,Lily Allen,104,0.0195,0.7170000000000001,0.201,0.8283978739559607,0.0379,0.556,0.6779999999999999,1
682,Cannonball,Lea Michele,105,0.0236,0.564,0.19399999999999998,0.9205163249810177,0.0466,0.5670000000000001,0.816,3
683,On My Way,Lea Michele,105,0.0648,0.524,0.22699999999999998,0.8784510250569478,0.0617,0.379,0.858,3
684,Burn with You,Lea Michele,105,0.0272,0.429,0.38299999999999995,0.8191040242976464,0.0523,0.348,0.713,3
685,It's the Most Wonderful Time of the Year,Lea Michele,105,0.685,0.264,0.0983,0.8732270311313594,0.0386,0.551,0.6,2
686,Have Yourself a Merry Little Christmas,Lea Michele,105,0.958,0.264,0.131,0.7251328777524679,0.0356,0.10099999999999999,0.243,2
687,Christmas in New York,Lea Michele,105,0.708,0.5670000000000001,0.11599999999999999,0.7947152619589979,0.032,0.6,0.54,2
688,Eraser,Ed Sheeran,106,0.086,0.64,0.0509,0.8441913439635538,0.0834,0.914,0.812,1
689,Castle on the Hill,Ed Sheeran,106,0.0232,0.461,0.14,0.8678511769172363,0.0989,0.47100000000000003,0.8340000000000001,3
690,Dive,Ed Sheeran,106,0.355,0.7609999999999999,0.0953,0.8286712224753229,0.0399,0.526,0.386,1
